Gene,Gene description,Variation between individuals,Variation within individuals,
ARNT,Aryl hydrocarbon receptor nuclear translocator,0.52,0.2,0.9026
GH2,Growth hormone 2,0.49,0.08,3.59645
GFOD2,Glucose-fructose oxidoreductase domain containing 2,0.48,0.07,2.4442
TPT1,"Tumor protein, translationally-controlled 1",0.45,0.1,2.6648
IL5,Interleukin 5,0.44,0.14,3.5688
IL1A,Interleukin 1 alpha,0.43,0.21,2.33225
KLK12,Kallikrein related peptidase 12,0.4,0.06,4.11875
ARID4B,AT-rich interaction domain 4B,0.38,0.1,2.0848
WAS,WASP actin nucleation promoting factor,0.35,0.23,1.9817
PNPT1,Polyribonucleotide nucleotidyltransferase 1,0.35,0.08,3.1797
CEP164,Centrosomal protein 164,0.35,0.12,2.06485
GHRHR,Growth hormone releasing hormone receptor,0.35,0.08,2.14665
IKZF2,IKAROS family zinc finger 2,0.35,0.09,2.3308
TCL1B,TCL1 family AKT coactivator B,0.35,0.13,1.98725
LYPD1,LY6/PLAUR domain containing 1,0.34,0.08,2.19745
IL18RAP,Interleukin 18 receptor accessory protein,0.34,0.05,4.61045
ATF2,Activating transcription factor 2,0.33,0.09,2.79185
CRX,Cone-rod homeobox,0.32,0.1,2.39825
TDGF1,Teratocarcinoma-derived growth factor 1,0.32,0.03,6.43635
PM20D1,Peptidase M20 domain containing 1,0.31,0.04,6.4705
IL10RA,Interleukin 10 receptor subunit alpha,0.31,0.08,2.38265
IL24,Interleukin 24,0.31,0.11,2.2413
HSP90B1,Heat shock protein 90 beta family member 1,0.3,0.06,2.5831
FKBP1B,FKBP prolyl isomerase 1B,0.3,0.25,2.66525
DUSP3,Dual specificity phosphatase 3,0.3,0.1,3.0945
EPHA10,EPH receptor A10,0.3,0.08,2.63785
LTA4H,Leukotriene A4 hydrolase,0.29,0.12,1.27225
SCP2,Sterol carrier protein 2,0.29,0.09,2.51545
SSB,Small RNA binding exonuclease protection factor La,0.28,0.1,1.9901
ANXA10,Annexin A10,0.28,0.12,3.3538
IL33,Interleukin 33,0.28,0.15,1.77155
DUOX2,Dual oxidase 2,0.28,0.1,2.27545
EPHX2,Epoxide hydrolase 2,0.28,0.12,2.0802
RUVBL1,RuvB like AAA ATPase 1,0.28,0.05,4.40335
NPPB,Natriuretic peptide B,0.28,0.13,4.4011
SCARB1,Scavenger receptor class B member 1,0.27,0.08,2.51945
WASF3,WASP family member 3,0.27,0.22,2.2249
IL20,Interleukin 20,0.27,0.09,2.49265
GH1,Growth hormone 1,0.27,0.11,7.98945
PAEP,Progestagen associated endometrial protein,0.27,0.05,3.38845
FOXO3,Forkhead box O3,0.27,0.18,3.1921
NPTN,Neuroplastin,0.26,0.07,3.80515
KIR3DL1,"Killer cell immunoglobulin like receptor, three Ig domains and long cytoplasmic tail 1",0.26,0.05,4.93035
GSAP,Gamma-secretase activating protein,0.26,0.11,1.67945
CNPY2,Canopy FGF signaling regulator 2,0.26,0.06,3.0855
RGS8,Regulator of G protein signaling 8,0.26,0.11,2.08735
AKR1C4,Aldo-keto reductase family 1 member C4,0.25,0.07,2.4953
SIGLEC15,Sialic acid binding Ig like lectin 15,0.25,0.07,2.6502
MEP1B,Meprin A subunit beta,0.25,0.03,5.66565
FCRLB,Fc receptor like B,0.24,0.04,3.98445
DEFB4A,Defensin beta 4A,0.24,0.09,#N/D
DEFB4B,Defensin beta 4B,0.24,0.09,#N/D
ILKAP,ILK associated serine/threonine phosphatase,0.24,0.13,3.17075
TIA1,TIA1 cytotoxic granule associated RNA binding protein,0.24,0.22,4.22435
LHB,Luteinizing hormone subunit beta,0.24,0.05,4.0377
GGA1,"Golgi associated, gamma adaptin ear containing, ARF binding protein 1",0.24,0.09,2.61725
BID,BH3 interacting domain death agonist,0.24,0.12,3.38915
IFNG,Interferon gamma,0.24,0.11,4.6908
FES,"FES proto-oncogene, tyrosine kinase",0.24,0.11,1.4723
VASH1,Vasohibin 1,0.24,0.2,2.7816
MICB,MHC class I polypeptide-related sequence B,0.24,0.02,#N/D
LYAR,Ly1 antibody reactive,0.24,0.1,1.93565
PRDX3,Peroxiredoxin 3,0.24,0.18,3.02345
JUN,"Jun proto-oncogene, AP-1 transcription factor subunit",0.24,0.09,2.97475
DCTN6,Dynactin subunit 6,0.24,0.16,2.4581
PFDN2,Prefoldin subunit 2,0.24,0.14,2.0243
SERPINA12,Serpin family A member 12,0.23,0.07,4.8647
PADI2,Peptidyl arginine deiminase 2,0.23,0.07,2.90405
IL11,Interleukin 11,0.23,0.1,2.5278
MAX,MYC associated factor X,0.23,0.18,3.93785
CDC27,Cell division cycle 27,0.23,0.09,2.60955
ALDH3A1,Aldehyde dehydrogenase 3 family member A1,0.23,0.09,3.212
HEBP1,Heme binding protein 1,0.22,0.14,1.71375
VSTM2L,V-set and transmembrane domain containing 2 like,0.22,0.09,2.5414
LSM1,"LSM1 homolog, mRNA degradation associated",0.22,0.1,2.38665
IL17F,Interleukin 17F,0.22,0.08,2.6786
RAB37,"RAB37, member RAS oncogene family",0.22,0.11,3.57045
RCOR1,REST corepressor 1,0.22,0.05,2.4935
LTO1,LTO1 maturation factor of ABCE1,0.22,0.11,2.11605
IL2RB,Interleukin 2 receptor subunit beta,0.22,0.11,2.0355
CLPP,Caseinolytic mitochondrial matrix peptidase proteolytic subunit,0.21,0.14,4.6325
LEP,Leptin,0.21,0.06,5.5466
EPO,Erythropoietin,0.21,0.08,3.375
AGR2,"Anterior gradient 2, protein disulphide isomerase family member",0.21,0.12,4.4555
LTBP3,Latent transforming growth factor beta binding protein 3,0.21,0.03,5.36265
PSPN,Persephin,0.21,0.03,7.1891
GSTA3,Glutathione S-transferase alpha 3,0.21,0.09,4.13395
NFATC3,Nuclear factor of activated T cells 3,0.21,0.09,2.11245
IDI2,Isopentenyl-diphosphate delta isomerase 2,0.21,0.09,2.33395
FXYD5,FXYD domain containing ion transport regulator 5,0.21,0.16,3.13755
AIFM1,Apoptosis inducing factor mitochondria associated 1,0.2,0.16,4.4434
TNFAIP8,TNF alpha induced protein 8,0.2,0.13,2.4501
EREG,Epiregulin,0.2,0.14,2.8317
MTPN,Myotrophin,0.2,0.11,1.86865
SRPK2,SRSF protein kinase 2,0.2,0.14,2.5114
AGR3,"Anterior gradient 3, protein disulphide isomerase family member",0.2,0.09,3.02905
NTF4,Neurotrophin 4,0.2,0.06,2.696
TANK,TRAF family member associated NFKB activator,0.2,0.16,3.41755
FLI1,"Fli-1 proto-oncogene, ETS transcription factor",0.2,0.17,3.68115
STK4,Serine/threonine kinase 4,0.2,0.17,3.7791
CXCL8,C-X-C motif chemokine ligand 8,0.2,0.2,8.32505
SMARCA2,"SWI/SNF related, matrix associated, actin dependent regulator of chromatin, subfamily a, member 2",0.2,0.13,2.82535
SEPTIN9,Septin 9,0.2,0.07,2.2044
SSC4D,Scavenger receptor cysteine rich family member with 4 domains,0.2,0.03,7.23555
STK24,Serine/threonine kinase 24,0.2,0.18,2.1836
ATP6V1F,ATPase H+ transporting V1 subunit F,0.2,0.12,2.1438
LIF,LIF interleukin 6 family cytokine,0.2,0.1,2.20635
CEBPB,CCAAT enhancer binding protein beta,0.2,0.11,2.1849
NCLN,Nicalin,0.2,0.08,2.3373
MPHOSPH8,M-phase phosphoprotein 8,0.2,0.15,2.9163
CASP10,Caspase 10,0.19,0.13,3.29855
NDUFS6,NADH:ubiquinone oxidoreductase subunit S6,0.19,0.07,4.3688
TBC1D23,TBC1 domain family member 23,0.19,0.17,3.8431
TSPAN1,Tetraspanin 1,0.19,0.05,2.50265
FOLR3,Folate receptor gamma,0.19,0.02,7.6586
SIGLEC5,Sialic acid binding Ig like lectin 5,0.19,0.03,8.09105
ACOX1,Acyl-CoA oxidase 1,0.19,0.12,2.1694
CGA,"Glycoprotein hormones, alpha polypeptide",0.19,0.03,7.25035
GSTP1,Glutathione S-transferase pi 1,0.19,0.1,2.6657
S100A16,S100 calcium binding protein A16,0.19,0.08,3.6676
AOC1,Amine oxidase copper containing 1,0.19,0.08,3.20665
TDRKH,Tudor and KH domain containing,0.19,0.15,3.8319
MESD,Mesoderm development LRP chaperone,0.19,0.15,5.2166
CEP43,Centrosomal protein 43,0.19,0.14,#N/D
PPP1R12A,Protein phosphatase 1 regulatory subunit 12A,0.19,0.16,5.7987
VPS53,VPS53 subunit of GARP complex,0.19,0.17,3.47405
OXT,Oxytocin/neurophysin I prepropeptide,0.19,0.03,8.13105
C19orf12,Chromosome 19 open reading frame 12,0.19,0.08,3.38455
ITGA6,Integrin subunit alpha 6,0.18,0.08,3.0994
MUC13,"Mucin 13, cell surface associated",0.18,0.05,4.08805
CA5A,Carbonic anhydrase 5A,0.18,0.07,4.96375
HNRNPK,Heterogeneous nuclear ribonucleoprotein K,0.18,0.14,3.23865
ARHGAP25,Rho GTPase activating protein 25,0.18,0.09,2.94105
FGF2,Fibroblast growth factor 2,0.18,0.13,2.6952
IL17A,Interleukin 17A,0.18,0.09,2.58425
BAIAP2,BAR/IMD domain containing adaptor protein 2,0.18,0.1,3.0436
PSRC1,Proline and serine rich coiled-coil 1,0.18,0.09,2.5875
DNAJB8,DnaJ heat shock protein family (Hsp40) member B8,0.18,0.09,2.5482
SLC16A1,Solute carrier family 16 member 1,0.18,0.09,2.85205
SH2D1A,SH2 domain containing 1A,0.18,0.06,3.5012
CHAC2,ChaC glutathione specific gamma-glutamylcyclotransferase 2,0.18,0.11,3.50715
CNST,"Consortin, connexin sorting protein",0.18,0.12,5.64825
MSMB,Microseminoprotein beta,0.18,0.04,4.19805
STX6,Syntaxin 6,0.18,0.11,3.67615
WASF1,WASP family member 1,0.18,0.15,3.39885
BIN2,Bridging integrator 2,0.18,0.14,3.8765
CTF1,Cardiotrophin 1,0.18,0.14,4.14
CHIT1,Chitinase 1,0.18,0.02,9.6188
SERPINB5,Serpin family B member 5,0.18,0.14,2.1378
IL4,Interleukin 4,0.18,0.12,2.66395
YTHDF3,YTH N6-methyladenosine RNA binding protein 3,0.18,0.15,4.1819
RABEPK,Rab9 effector protein with kelch motifs,0.18,0.09,2.8284
BTC,Betacellulin,0.18,0.12,3.93275
SFTPA1,Surfactant protein A1,0.18,0.07,2.3174
AMFR,Autocrine motility factor receptor,0.18,0.09,2.5768
ERBIN,Erbb2 interacting protein,0.18,0.16,5.46215
GBP4,Guanylate binding protein 4,0.17,0.08,2.3824
ICA1,Islet cell autoantigen 1,0.17,0.15,4.0785
DOK2,Docking protein 2,0.17,0.14,6.64885
TACC3,Transforming acidic coiled-coil containing protein 3,0.17,0.14,5.37515
NUDT2,Nudix hydrolase 2,0.17,0.1,3.39755
PTPN1,Protein tyrosine phosphatase non-receptor type 1,0.17,0.15,3.9656
SESTD1,SEC14 and spectrin domain containing 1,0.17,0.11,3.1003
USP8,Ubiquitin specific peptidase 8,0.17,0.15,5.4194
CEACAM5,CEA cell adhesion molecule 5,0.17,0.05,4.2466
MYO9B,Myosin IXB,0.17,0.13,3.0785
SF3B4,Splicing factor 3b subunit 4,0.17,0.11,4.8062
SPINK4,Serine peptidase inhibitor Kazal type 4,0.17,0.05,3.81035
SULT2A1,Sulfotransferase family 2A member 1,0.17,0.06,3.01245
NINJ1,Ninjurin 1,0.17,0.05,3.18385
RANGAP1,Ran GTPase activating protein 1,0.17,0.11,1.9533
SLIT2,Slit guidance ligand 2,0.17,0.08,2.99525
CHMP1A,Charged multivesicular body protein 1A,0.17,0.14,3.8601
TRIM5,Tripartite motif containing 5,0.17,0.14,3.7302
IL1B,Interleukin 1 beta,0.17,0.14,2.95445
CLSPN,Claspin,0.17,0.1,1.631
TJAP1,Tight junction associated protein 1,0.17,0.15,4.569
CD33,CD33 molecule,0.17,0.03,5.63125
FHIT,Fragile histidine triad diadenosine triphosphatase,0.17,0.13,4.857
LAIR2,Leukocyte associated immunoglobulin like receptor 2,0.17,0.02,6.53845
CRACR2A,Calcium release activated channel regulator 2A,0.17,0.14,4.69515
NCK2,NCK adaptor protein 2,0.17,0.15,4.9158
CEACAM3,CEA cell adhesion molecule 3,0.17,0.08,2.32045
PRKAB1,Protein kinase AMP-activated non-catalytic subunit beta 1,0.17,0.1,2.90635
DIABLO,Diablo IAP-binding mitochondrial protein,0.17,0.14,6.74175
HAO1,Hydroxyacid oxidase 1,0.16,0.07,7.13955
TFF1,Trefoil factor 1,0.16,0.03,5.3628
SMAD1,SMAD family member 1,0.16,0.15,2.8279
CDC37,"Cell division cycle 37, HSP90 cochaperone",0.16,0.14,4.8442
COX5B,Cytochrome c oxidase subunit 5B,0.16,0.11,3.79265
BIRC2,Baculoviral IAP repeat containing 2,0.16,0.14,2.69605
ACTA2,"Actin alpha 2, smooth muscle",0.16,0.06,3.115
NRTN,Neurturin,0.16,0.12,2.15845
CDHR1,Cadherin related family member 1,0.16,0.06,2.8082
CLTA,Clathrin light chain A,0.16,0.09,2.35985
RAB6B,"RAB6B, member RAS oncogene family",0.16,0.07,2.31445
PSMA1,Proteasome 20S subunit alpha 1,0.16,0.13,1.9696
GLT8D2,Glycosyltransferase 8 domain containing 2,0.16,0.06,2.1299
DAB2,DAB adaptor protein 2,0.16,0.14,5.1121
AXIN1,Axin 1,0.16,0.14,4.7984
LAT2,Linker for activation of T cells family member 2,0.16,0.14,5.59085
GNE,Glucosamine (UDP-N-acetyl)-2-epimerase/N-acetylmannosamine kinase,0.16,0.12,3.27605
GPA33,Glycoprotein A33,0.16,0.04,9.79615
CEACAM21,CEA cell adhesion molecule 21,0.16,0.03,5.14105
IL13,Interleukin 13,0.16,0.1,2.2703
PPY,Pancreatic polypeptide,0.16,0.07,4.4608
ARHGEF12,Rho guanine nucleotide exchange factor 12,0.16,0.13,5.1666
IVD,Isovaleryl-CoA dehydrogenase,0.16,0.1,2.25265
RNASE3,Ribonuclease A family member 3,0.16,0.08,5.4779
IL10,Interleukin 10,0.16,0.05,5.78075
MAGED1,MAGE family member D1,0.16,0.1,2.1008
CETN2,Centrin 2,0.16,0.14,2.9878
TNNI3,"Troponin I3, cardiac type",0.16,0.09,3.46505
MAP3K5,Mitogen-activated protein kinase kinase kinase 5,0.16,0.13,5.65705
FBP1,Fructose-bisphosphatase 1,0.16,0.09,3.60645
STK11,Serine/threonine kinase 11,0.16,0.12,5.34775
CEP85,Centrosomal protein 85,0.16,0.12,2.78485
SH2B3,SH2B adaptor protein 3,0.16,0.12,5.6056
PDLIM7,PDZ and LIM domain 7,0.16,0.15,6.95015
CORO1A,Coronin 1A,0.16,0.13,5.4947
LBR,Lamin B receptor,0.16,0.11,5.0809
ODAM,"Odontogenic, ameloblast associated",0.16,0.04,3.52595
AKR1B1,Aldo-keto reductase family 1 member B,0.16,0.1,5.3407
CCL19,C-C motif chemokine ligand 19,0.16,0.05,6.7475
VIM,Vimentin,0.16,0.13,3.00605
BACH1,BTB domain and CNC homolog 1,0.16,0.13,3.89215
TST,Thiosulfate sulfurtransferase,0.16,0.12,3.30715
ZBTB16,Zinc finger and BTB domain containing 16,0.16,0.12,4.00085
ANXA4,Annexin A4,0.16,0.14,3.8684
VAMP5,Vesicle associated membrane protein 5,0.16,0.1,2.9904
TSLP,Thymic stromal lymphopoietin,0.16,0.08,2.6308
IFNL1,Interferon lambda 1,0.16,0.07,2.932
COPE,COPI coat complex subunit epsilon,0.15,0.09,2.1355
PDP1,Pyruvate dehydrogenase phosphatase catalytic subunit 1,0.15,0.11,2.5709
METAP1,Methionyl aminopeptidase 1,0.15,0.1,1.70095
C2CD2L,C2CD2 like,0.15,0.09,2.4853
PTN,Pleiotrophin,0.15,0.09,3.71485
TIMP3,TIMP metallopeptidase inhibitor 3,0.15,0.08,7.19485
IL15RA,Interleukin 15 receptor subunit alpha,0.15,0.09,2.56215
CRHR1,Corticotropin releasing hormone receptor 1,0.15,0.12,2.2579
ADH4,"Alcohol dehydrogenase 4 (class II), pi polypeptide",0.15,0.07,5.5274
AGXT,Alanine--glyoxylate aminotransferase,0.15,0.07,3.9716
ATP5PO,ATP synthase peripheral stalk subunit OSCP,0.15,0.12,2.11075
VPS37A,VPS37A subunit of ESCRT-I,0.15,0.15,3.42825
DRG2,Developmentally regulated GTP binding protein 2,0.15,0.13,3.10385
MAP4K5,Mitogen-activated protein kinase kinase kinase kinase 5,0.15,0.14,6.027
FABP6,Fatty acid binding protein 6,0.15,0.08,4.0925
ARTN,Artemin,0.15,0.07,2.8925
TP53INP1,Tumor protein p53 inducible nuclear protein 1,0.15,0.06,2.0221
INPPL1,Inositol polyphosphate phosphatase like 1,0.15,0.12,5.3037
IL3RA,Interleukin 3 receptor subunit alpha,0.15,0.08,2.0063
SLC27A4,Solute carrier family 27 member 4,0.15,0.1,3.14375
IL1RN,Interleukin 1 receptor antagonist,0.15,0.07,3.5855
LYPD8,LY6/PLAUR domain containing 8,0.15,0.06,3.482
GRK5,G protein-coupled receptor kinase 5,0.15,0.08,2.42565
VMO1,Vitelline membrane outer layer 1 homolog,0.15,0.04,5.0258
DKKL1,Dickkopf like acrosomal protein 1,0.15,0.02,5.97265
SPRY2,Sprouty RTK signaling antagonist 2,0.15,0.12,5.8111
CDKN1A,Cyclin dependent kinase inhibitor 1A,0.15,0.12,5.9519
KIFBP,Kinesin family binding protein,0.15,0.12,4.92405
TMPRSS15,Transmembrane serine protease 15,0.15,0.06,4.6649
HARS1,Histidyl-tRNA synthetase 1,0.15,0.13,#N/D
BAX,"BCL2 associated X, apoptosis regulator",0.15,0.11,6.86725
CERT1,Ceramide transporter 1,0.15,0.12,#N/D
SUGT1,"SGT1 homolog, MIS12 kinetochore complex assembly cochaperone",0.15,0.13,5.30985
ATP5IF1,ATP synthase inhibitory factor subunit 1,0.15,0.12,7.5608
IL6,Interleukin 6,0.15,0.07,5.4747
ANKRD54,Ankyrin repeat domain 54,0.15,0.08,3.3193
NPM1,Nucleophosmin 1,0.15,0.09,4.62735
SRC,"SRC proto-oncogene, non-receptor tyrosine kinase",0.15,0.12,7.1619
PRTFDC1,Phosphoribosyl transferase domain containing 1,0.15,0.14,6.14435
GYS1,Glycogen synthase 1,0.15,0.11,7.35555
TIGAR,TP53 induced glycolysis regulatory phosphatase,0.15,0.1,2.2776
AHCY,Adenosylhomocysteinase,0.15,0.12,3.931
PQBP1,Polyglutamine binding protein 1,0.15,0.08,3.1329
PSG1,Pregnancy specific beta-1-glycoprotein 1,0.15,0.03,6.00655
PAK4,P21 (RAC1) activated kinase 4,0.14,0.12,2.41305
EIF5A,Eukaryotic translation initiation factor 5A,0.14,0.12,1.9399
PROK1,Prokineticin 1,0.14,0.03,5.9411
LACTB2,Lactamase beta 2,0.14,0.13,4.46235
AMN,Amnion associated transmembrane protein,0.14,0.06,3.5903
PPIB,Peptidylprolyl isomerase B,0.14,0.12,6.36515
ACTN4,Actinin alpha 4,0.14,0.1,1.9603
GRAP2,GRB2 related adaptor protein 2,0.14,0.12,7.52095
CDKN2D,Cyclin dependent kinase inhibitor 2D,0.14,0.12,5.90405
HGS,Hepatocyte growth factor-regulated tyrosine kinase substrate,0.14,0.12,4.9539
TXNDC5,Thioredoxin domain containing 5,0.14,0.11,4.7033
FOXO1,Forkhead box O1,0.14,0.12,5.18255
MAVS,Mitochondrial antiviral signaling protein,0.14,0.13,5.9001
FADD,Fas associated via death domain,0.14,0.14,5.05685
ITGB1BP1,Integrin subunit beta 1 binding protein 1,0.14,0.1,2.44065
FCRL3,Fc receptor like 3,0.14,0.07,3.43755
DSG4,Desmoglein 4,0.14,0.03,4.55545
PARP1,Poly(ADP-ribose) polymerase 1,0.14,0.08,2.9525
DDAH1,Dimethylarginine dimethylaminohydrolase 1,0.14,0.06,4.35075
IRAK4,Interleukin 1 receptor associated kinase 4,0.14,0.12,6.67205
BCR,BCR activator of RhoGEF and GTPase,0.14,0.12,5.8019
MED18,Mediator complex subunit 18,0.14,0.13,4.3573
NXPH1,Neurexophilin 1,0.14,0.06,2.9618
IL2,Interleukin 2,0.14,0.12,2.3181
CDH17,Cadherin 17,0.14,0.04,4.7322
DCTN2,Dynactin subunit 2,0.14,0.13,4.3745
CDHR2,Cadherin related family member 2,0.14,0.03,5.2137
KLK1,Kallikrein 1,0.14,0.02,8.21095
FGF21,Fibroblast growth factor 21,0.14,0.07,7.60875
NMNAT1,Nicotinamide nucleotide adenylyltransferase 1,0.14,0.06,3.3859
CHEK2,Checkpoint kinase 2,0.14,0.11,2.00185
TARBP2,TARBP2 subunit of RISC loading complex,0.14,0.15,4.4931
TBC1D5,TBC1 domain family member 5,0.14,0.12,4.2842
MLN,Motilin,0.14,0.05,6.23
NFATC1,Nuclear factor of activated T cells 1,0.14,0.11,5.7955
TCL1A,TCL1 family AKT coactivator A,0.14,0.05,6.62405
IL20RA,Interleukin 20 receptor subunit alpha,0.14,0.09,2.6463
KCNIP4,Potassium voltage-gated channel interacting protein 4,0.14,0.1,2.37285
ATXN10,Ataxin 10,0.14,0.13,3.65485
GP2,Glycoprotein 2,0.14,0.03,6.98065
RARRES1,Retinoic acid receptor responder 1,0.14,0.06,2.86515
FXN,Frataxin,0.14,0.12,4.87115
GOPC,Golgi associated PDZ and coiled-coil motif containing,0.14,0.11,6.84435
FOSB,"FosB proto-oncogene, AP-1 transcription factor subunit",0.14,0.09,2.1084
GCG,Glucagon,0.14,0.08,6.39045
DNAJB1,DnaJ heat shock protein family (Hsp40) member B1,0.14,0.12,6.1394
CEP20,Centrosomal protein 20,0.14,0.12,#N/D
SCGN,"Secretagogin, EF-hand calcium binding protein",0.14,0.09,3.6898
METAP1D,"Methionyl aminopeptidase type 1D, mitochondrial",0.14,0.12,5.0695
USO1,USO1 vesicle transport factor,0.14,0.12,6.10835
AKT3,AKT serine/threonine kinase 3,0.14,0.12,2.98055
AIF1,Allograft inflammatory factor 1,0.14,0.1,3.2944
RABGAP1L,RAB GTPase activating protein 1 like,0.13,0.12,4.18395
CCT5,Chaperonin containing TCP1 subunit 5,0.13,0.09,2.27065
PVALB,Parvalbumin,0.13,0.06,10.0622
CXCL1,C-X-C motif chemokine ligand 1,0.13,0.06,7.01615
ADCYAP1R1,ADCYAP receptor type I,0.13,0.05,2.86075
CCL20,C-C motif chemokine ligand 20,0.13,0.05,8.136
DAPP1,Dual adaptor of phosphotyrosine and 3-phosphoinositides 1,0.13,0.11,7.6403
MFAP3,Microfibril associated protein 3,0.13,0.12,2.118
MGMT,O-6-methylguanine-DNA methyltransferase,0.13,0.1,7.96
KIR2DL3,"Killer cell immunoglobulin like receptor, two Ig domains and long cytoplasmic tail 3",0.13,0.03,5.5435
VSTM1,V-set and transmembrane domain containing 1,0.13,0.06,3.30335
FMNL1,Formin like 1,0.13,0.08,3.9382
DARS1,Aspartyl-tRNA synthetase 1,0.13,0.12,#N/D
IRAG2,"Inositol 1,4,5-triphosphate receptor associated 2",0.13,0.12,#N/D
JCHAIN,Joining chain of multimeric IgA and IgM,0.13,0.07,4.3559
CLSTN1,Calsyntenin 1,0.13,0.06,3.69665
ACAA1,Acetyl-CoA acyltransferase 1,0.13,0.1,5.4733
CCL7,C-C motif chemokine ligand 7,0.13,0.04,4.9317
SULT1A1,Sulfotransferase family 1A member 1,0.13,0.12,7.3153
STIP1,Stress induced phosphoprotein 1,0.13,0.12,4.47195
TBL1X,Transducin beta like 1 X-linked,0.13,0.11,5.11325
MANF,Mesencephalic astrocyte derived neurotrophic factor,0.13,0.12,8.18065
CXCL14,C-X-C motif chemokine ligand 14,0.13,0.07,4.0005
VSIR,V-set immunoregulatory receptor,0.13,0.08,5.1489
CDH15,Cadherin 15,0.13,0.03,5.04315
IL19,Interleukin 19,0.13,0.05,5.4252
CASP2,Caspase 2,0.13,0.11,3.30935
KRT14,Keratin 14,0.13,0.08,2.13225
IRAK1,Interleukin 1 receptor associated kinase 1,0.13,0.12,4.8425
PPP1R9B,Protein phosphatase 1 regulatory subunit 9B,0.13,0.12,6.5724
STX16,Syntaxin 16,0.13,0.1,3.09425
PREB,Prolactin regulatory element binding,0.13,0.09,2.11225
CRH,Corticotropin releasing hormone,0.13,0.04,6.11735
RAB6A,"RAB6A, member RAS oncogene family",0.13,0.04,5.40095
CES3,Carboxylesterase 3,0.13,0.05,3.95745
PPP1R2,Protein phosphatase 1 regulatory inhibitor subunit 2,0.13,0.12,5.1116
DGKZ,Diacylglycerol kinase zeta,0.13,0.1,2.18495
NUB1,Negative regulator of ubiquitin like proteins 1,0.13,0.11,4.96335
KLB,Klotho beta,0.13,0.04,5.54945
PBLD,Phenazine biosynthesis like protein domain containing,0.13,0.08,3.5888
SAMD9L,Sterile alpha motif domain containing 9 like,0.13,0.11,5.09735
CA6,Carbonic anhydrase 6,0.13,0.03,5.8786
KRT5,Keratin 5,0.13,0.05,4.08575
NFKBIE,NFKB inhibitor epsilon,0.13,0.1,3.61245
PTS,6-pyruvoyltetrahydropterin synthase,0.13,0.05,4.62265
DCTN1,Dynactin subunit 1,0.13,0.1,5.651
RASA1,RAS p21 protein activator 1,0.13,0.09,2.0992
GSTA1,Glutathione S-transferase alpha 1,0.13,0.06,7.98055
UXS1,UDP-glucuronate decarboxylase 1,0.13,0.04,4.5054
MMP8,Matrix metallopeptidase 8,0.13,0.04,5.7767
TPMT,Thiopurine S-methyltransferase,0.13,0.1,4.3487
MAEA,"Macrophage erythroblast attacher, E3 ubiquitin ligase",0.13,0.1,1.99935
S100P,S100 calcium binding protein P,0.13,0.06,3.4986
PRKRA,Protein activator of interferon induced protein kinase EIF2AK2,0.13,0.11,4.40285
GZMH,Granzyme H,0.13,0.06,5.69775
SERPINB1,Serpin family B member 1,0.13,0.11,6.0957
IL17C,Interleukin 17C,0.13,0.06,5.46855
OSM,Oncostatin M,0.13,0.05,7.17595
FKBP7,FKBP prolyl isomerase 7,0.13,0.1,2.59235
COL9A1,Collagen type IX alpha 1 chain,0.13,0.04,3.7081
NBN,Nibrin,0.13,0.08,3.054
S100A12,S100 calcium binding protein A12,0.13,0.07,5.1479
CLEC7A,C-type lectin domain containing 7A,0.13,0.02,5.9679
TRAF2,TNF receptor associated factor 2,0.13,0.11,4.82875
FEN1,Flap structure-specific endonuclease 1,0.13,0.07,2.8569
TP53,Tumor protein p53,0.13,0.1,2.721
PADI4,Peptidyl arginine deiminase 4,0.13,0.07,2.7819
STAT5B,Signal transducer and activator of transcription 5B,0.13,0.11,9.86815
EPCAM,Epithelial cell adhesion molecule,0.13,0.03,9.0538
DECR1,"2,4-dienoyl-CoA reductase 1",0.13,0.12,6.45025
DEFA1,Defensin alpha 1,0.12,0.06,#N/D
DEFA1B,Defensin alpha 1B,0.12,0.06,#N/D
PDGFA,Platelet derived growth factor subunit A,0.12,0.07,5.9439
RIGI,RNA sensor RIG-I,0.12,0.08,#N/D
COMT,Catechol-O-methyltransferase,0.12,0.11,6.3206
IL7,Interleukin 7,0.12,0.05,5.54245
EBAG9,Estrogen receptor binding site associated antigen 9,0.12,0.11,6.3857
PRKCQ,Protein kinase C theta,0.12,0.09,2.265
TNF,Tumor necrosis factor,0.12,0.11,4.3498
GBP2,Guanylate binding protein 2,0.12,0.1,4.0616
TSHB,Thyroid stimulating hormone subunit beta,0.12,0.06,5.99455
IL22RA1,Interleukin 22 receptor subunit alpha 1,0.12,0.07,2.6939
ITGB1BP2,Integrin subunit beta 1 binding protein 2,0.12,0.11,7.0183
MZT1,Mitotic spindle organizing protein 1,0.12,0.09,2.9138
CTSH,Cathepsin H,0.12,0.04,5.25575
YES1,"YES proto-oncogene 1, Src family tyrosine kinase",0.12,0.1,7.3051
SIRT2,Sirtuin 2,0.12,0.11,7.14975
MME,Membrane metalloendopeptidase,0.12,0.03,6.895
FMR1,Fragile X messenger ribonucleoprotein 1,0.12,0.1,2.2267
ENTPD2,Ectonucleoside triphosphate diphosphohydrolase 2,0.12,0.06,3.0207
EIF4B,Eukaryotic translation initiation factor 4B,0.12,0.11,6.22145
STXBP3,Syntaxin binding protein 3,0.12,0.11,2.092
KRT19,Keratin 19,0.12,0.07,4.73105
CAMKK1,Calcium/calmodulin dependent protein kinase kinase 1,0.12,0.08,3.49905
HSPA1A,Heat shock protein family A (Hsp70) member 1A,0.12,0.1,5.2879
SFTPA2,Surfactant protein A2,0.12,0.04,4.82455
SIT1,Signaling threshold regulating transmembrane adaptor 1,0.12,0.07,2.76515
CPXM1,"Carboxypeptidase X, M14 family member 1",0.12,0.07,3.8571
EDAR,Ectodysplasin A receptor,0.12,0.08,6.3367
REN,Renin,0.12,0.05,5.05045
PLA2G2A,Phospholipase A2 group IIA,0.12,0.04,5.98515
WFDC12,WAP four-disulfide core domain 12,0.12,0.04,5.85745
SKAP2,Src kinase associated phosphoprotein 2,0.12,0.11,8.20735
DCXR,Dicarbonyl and L-xylulose reductase,0.12,0.06,4.54495
BCL2L11,BCL2 like 11,0.12,0.05,4.83375
CD2AP,CD2 associated protein,0.12,0.09,6.80305
MUC16,"Mucin 16, cell surface associated",0.12,0.05,6.5094
NSFL1C,NSFL1 cofactor,0.12,0.1,6.81195
FABP9,Fatty acid binding protein 9,0.12,0.03,4.71975
BAMBI,BMP and activin membrane bound inhibitor,0.12,0.08,1.8837
APP,Amyloid beta precursor protein,0.12,0.07,3.7071
MMP13,Matrix metallopeptidase 13,0.12,0.06,2.96825
ALPP,"Alkaline phosphatase, placental",0.12,0.02,9.00445
HDGF,Heparin binding growth factor,0.12,0.07,9.0701
FGF19,Fibroblast growth factor 19,0.12,0.06,6.9875
IQGAP2,IQ motif containing GTPase activating protein 2,0.12,0.1,3.77265
XCL1,X-C motif chemokine ligand 1,0.12,0.02,6.306
XRCC4,X-ray repair cross complementing 4,0.12,0.1,2.4004
MAPT,Microtubule associated protein tau,0.12,0.11,2.3404
IMPA1,Inositol monophosphatase 1,0.12,0.12,3.86755
SIRT5,Sirtuin 5,0.12,0.1,2.4393
TBCB,Tubulin folding cofactor B,0.12,0.11,7.6571
EIF4G1,Eukaryotic translation initiation factor 4 gamma 1,0.12,0.1,8.51795
PON2,Paraoxonase 2,0.12,0.05,2.6318
NID2,Nidogen 2,0.12,0.07,5.27745
PRKAR1A,Protein kinase cAMP-dependent type I regulatory subunit alpha,0.12,0.09,7.83015
HLA-DRA,"Major histocompatibility complex, class II, DR alpha",0.12,0.07,2.7492
TNFSF11,TNF superfamily member 11,0.12,0.05,5.41645
VTA1,Vesicle trafficking 1,0.12,0.09,7.79145
SLAMF1,Signaling lymphocytic activation molecule family member 1,0.12,0.08,4.02185
CLEC1B,C-type lectin domain family 1 member B,0.12,0.08,8.80675
XPNPEP2,X-prolyl aminopeptidase 2,0.12,0.02,8.7007
CSF3,Colony stimulating factor 3,0.12,0.06,4.7162
NDRG1,N-myc downstream regulated 1,0.12,0.04,4.8128
HEXIM1,HEXIM P-TEFb complex subunit 1,0.12,0.1,7.1737
PIK3AP1,Phosphoinositide-3-kinase adaptor protein 1,0.12,0.08,5.59925
ANXA3,Annexin A3,0.12,0.1,6.1604
STX8,Syntaxin 8,0.12,0.09,3.1075
OMG,Oligodendrocyte myelin glycoprotein,0.12,0.05,6.2359
VTCN1,V-set domain containing T cell activation inhibitor 1,0.12,0.08,2.2653
SUMF2,Sulfatase modifying factor 2,0.12,0.06,5.468
AMBN,Ameloblastin,0.12,0.04,3.53325
FUCA1,Alpha-L-fucosidase 1,0.12,0.02,7.925
EGF,Epidermal growth factor,0.12,0.09,8.15265
PLA2G4A,Phospholipase A2 group IVA,0.12,0.1,6.3982
HBQ1,Hemoglobin subunit theta 1,0.11,0.05,3.73755
AK1,Adenylate kinase 1,0.11,0.09,5.2009
ATOX1,Antioxidant 1 copper chaperone,0.11,0.09,6.1829
BMP6,Bone morphogenetic protein 6,0.11,0.03,6.1345
APLP1,Amyloid beta precursor like protein 1,0.11,0.06,4.861
SNX9,Sorting nexin 9,0.11,0.1,5.6111
FKBP5,FKBP prolyl isomerase 5,0.11,0.11,7.18075
MVK,Mevalonate kinase,0.11,0.09,5.78935
NT5C3A,"5'-nucleotidase, cytosolic IIIA",0.11,0.11,7.3164
RBP2,Retinol binding protein 2,0.11,0.05,5.4266
MPI,Mannose phosphate isomerase,0.11,0.1,5.8118
ING1,Inhibitor of growth family member 1,0.11,0.1,2.59835
LYN,"LYN proto-oncogene, Src family tyrosine kinase",0.11,0.09,6.1777
FABP5,Fatty acid binding protein 5,0.11,0.09,6.8457
HK2,Hexokinase 2,0.11,0.07,2.33705
SCAMP3,Secretory carrier membrane protein 3,0.11,0.1,7.2876
CLIP2,CAP-Gly domain containing linker protein 2,0.11,0.1,8.3409
NOS1,Nitric oxide synthase 1,0.11,0.06,5.03915
CCL5,C-C motif chemokine ligand 5,0.11,0.06,8.1194
BANK1,B cell scaffold protein with ankyrin repeats 1,0.11,0.09,7.99445
PTK7,Protein tyrosine kinase 7 (inactive),0.11,0.06,2.95145
MPO,Myeloperoxidase,0.11,0.04,5.1387
SPINK5,Serine peptidase inhibitor Kazal type 5,0.11,0.04,3.8214
ENO2,Enolase 2,0.11,0.09,6.03765
CLEC6A,C-type lectin domain containing 6A,0.11,0.05,4.31945
CA13,Carbonic anhydrase 13,0.11,0.1,7.67425
SIAE,Sialic acid acetylesterase,0.11,0.08,4.5712
RRM2B,Ribonucleotide reductase regulatory TP53 inducible subunit M2B,0.11,0.09,4.6089
MMP9,Matrix metallopeptidase 9,0.11,0.05,5.6958
STC1,Stanniocalcin 1,0.11,0.05,4.9995
PRDX5,Peroxiredoxin 5,0.11,0.1,6.60765
CXCL9,C-X-C motif chemokine ligand 9,0.11,0.04,7.29785
ANGPT1,Angiopoietin 1,0.11,0.06,7.8645
RWDD1,RWD domain containing 1,0.11,0.1,6.65525
SLAMF8,SLAM family member 8,0.11,0.04,4.42645
IL12RB1,Interleukin 12 receptor subunit beta 1,0.11,0.07,3.1667
GHRL,Ghrelin and obestatin prepropeptide,0.11,0.03,7.468
MNDA,Myeloid cell nuclear differentiation antigen,0.11,0.06,3.3991
TBCC,Tubulin folding cofactor C,0.11,0.11,6.5009
PLIN1,Perilipin 1,0.11,0.06,2.89115
IGFBP1,Insulin like growth factor binding protein 1,0.11,0.04,10.0903
PLPBP,Pyridoxal phosphate binding protein,0.11,0.1,6.68875
CXCL11,C-X-C motif chemokine ligand 11,0.11,0.05,7.2781
ANXA5,Annexin A5,0.11,0.06,3.09335
MAP2K6,Mitogen-activated protein kinase kinase 6,0.11,0.1,7.50735
NPY,Neuropeptide Y,0.11,0.05,5.7201
IPCEF1,Interaction protein for cytohesin exchange factors 1,0.11,0.09,8.28015
MMP3,Matrix metallopeptidase 3,0.11,0.04,5.78975
NAMPT,Nicotinamide phosphoribosyltransferase,0.11,0.08,3.6366
SNAP29,Synaptosome associated protein 29,0.11,0.08,8.6541
ATG4A,Autophagy related 4A cysteine peptidase,0.11,0.1,3.80665
PDCD5,Programmed cell death 5,0.1,0.08,6.5134
PPME1,Protein phosphatase methylesterase 1,0.1,0.09,5.9524
ENPP7,Ectonucleotide pyrophosphatase/phosphodiesterase 7,0.1,0.03,8.06505
MILR1,Mast cell immunoglobulin like receptor 1,0.1,0.04,5.03675
DPP7,Dipeptidyl peptidase 7,0.1,0.06,6.41005
DBNL,Drebrin like,0.1,0.1,7.9269
IKBKG,Inhibitor of nuclear factor kappa B kinase regulatory subunit gamma,0.1,0.08,7.4695
TBC1D17,TBC1 domain family member 17,0.1,0.07,2.96415
ANXA11,Annexin A11,0.1,0.07,6.34525
TPPP3,Tubulin polymerization promoting protein family member 3,0.1,0.06,2.9511
CALB2,Calbindin 2,0.1,0.06,2.54165
AZU1,Azurocidin 1,0.1,0.05,4.4128
HTRA2,HtrA serine peptidase 2,0.1,0.09,6.5194
SPINT2,"Serine peptidase inhibitor, Kunitz type 2",0.1,0.04,6.16885
ARHGAP1,Rho GTPase activating protein 1,0.1,0.08,4.17415
PI3,Peptidase inhibitor 3,0.1,0.03,5.4848
ATP6AP2,ATPase H+ transporting accessory protein 2,0.1,0.06,2.8162
CALCOCO1,Calcium binding and coiled-coil domain 1,0.1,0.09,8.7934
PAPPA,Pappalysin 1,0.1,0.05,4.59395
TGM2,Transglutaminase 2,0.1,0.07,6.7718
TMSB10,Thymosin beta 10,0.1,0.07,8.16985
BGN,Biglycan,0.1,0.05,4.13735
SOD1,Superoxide dismutase 1,0.1,0.09,4.5275
SKAP1,Src kinase associated phosphoprotein 1,0.1,0.06,3.91395
PTEN,Phosphatase and tensin homolog,0.1,0.09,2.35735
CC2D1A,Coiled-coil and C2 domain containing 1A,0.1,0.1,6.9244
S100A4,S100 calcium binding protein A4,0.1,0.09,4.80205
ATP6V1D,ATPase H+ transporting V1 subunit D,0.1,0.07,2.14115
IL17RA,Interleukin 17 receptor A,0.1,0.03,4.5945
SCGB3A2,Secretoglobin family 3A member 2,0.1,0.03,8.7067
CXADR,CXADR Ig-like cell adhesion molecule,0.1,0.04,5.48425
KAZALD1,Kazal type serine peptidase inhibitor domain 1,0.1,0.03,5.96485
GDNF,Glial cell derived neurotrophic factor,0.1,0.05,3.2535
CCL28,C-C motif chemokine ligand 28,0.1,0.05,5.19535
RASSF2,Ras association domain family member 2,0.1,0.08,3.4934
CRKL,"CRK like proto-oncogene, adaptor protein",0.1,0.09,9.32505
RP2,RP2 activator of ARL3 GTPase,0.1,0.08,3.19145
CCN1,Cellular communication network factor 1,0.1,0.06,8.7708
MITD1,Microtubule interacting and trafficking domain containing 1,0.1,0.09,7.84195
ABHD14B,Abhydrolase domain containing 14B,0.1,0.11,4.70915
ISLR2,Immunoglobulin superfamily containing leucine rich repeat 2,0.1,0.06,3.4883
CCL27,C-C motif chemokine ligand 27,0.1,0.06,6.25545
FYB1,FYN binding protein 1,0.1,0.08,8.91415
HMOX2,Heme oxygenase 2,0.1,0.06,3.9747
TXLNA,Taxilin alpha,0.1,0.08,8.0563
AHSP,Alpha hemoglobin stabilizing protein,0.1,0.05,6.9668
CRNN,Cornulin,0.1,0.02,8.4352
PTPN6,Protein tyrosine phosphatase non-receptor type 6,0.1,0.09,7.9684
GFAP,Glial fibrillary acidic protein,0.1,0.04,4.81855
ENPP5,Ectonucleotide pyrophosphatase/phosphodiesterase family member 5,0.1,0.02,7.03105
DNAJA2,DnaJ heat shock protein family (Hsp40) member A2,0.1,0.08,8.3652
CXCL10,C-X-C motif chemokine ligand 10,0.1,0.04,8.2045
FLT3,Fms related receptor tyrosine kinase 3,0.1,0.06,3.1526
NFASC,Neurofascin,0.1,0.03,2.6585
CCL17,C-C motif chemokine ligand 17,0.1,0.06,9.5151
CTSD,Cathepsin D,0.1,0.05,4.81695
GLB1,Galactosidase beta 1,0.1,0.06,3.98145
VWF,Von Willebrand factor,0.1,0.06,8.8072
FIS1,"Fission, mitochondrial 1",0.1,0.09,8.41665
CALCA,Calcitonin related polypeptide alpha,0.1,0.03,7.14375
CNPY4,Canopy FGF signaling regulator 4,0.1,0.08,6.6788
CASP3,Caspase 3,0.1,0.09,7.47135
IL1RL1,Interleukin 1 receptor like 1,0.1,0.03,5.4719
SCRN1,Secernin 1,0.1,0.08,4.12045
MDGA1,MAM domain containing glycosylphosphatidylinositol anchor 1,0.1,0.02,8.57685
MRPL46,Mitochondrial ribosomal protein L46,0.1,0.07,2.0526
CLC,Charcot-Leyden crystal galectin,0.1,0.05,4.0308
FABP4,Fatty acid binding protein 4,0.1,0.04,6.3963
TNFRSF13C,TNF receptor superfamily member 13C,0.1,0.04,4.67315
GPR37,G protein-coupled receptor 37,0.1,0.04,6.64315
CNTNAP2,Contactin associated protein 2,0.1,0.03,4.8179
SHMT1,Serine hydroxymethyltransferase 1,0.1,0.07,10.21615
PRDX1,Peroxiredoxin 1,0.1,0.09,4.70875
NUDT5,Nudix hydrolase 5,0.1,0.08,5.54115
ABL1,"ABL proto-oncogene 1, non-receptor tyrosine kinase",0.1,0.08,6.01335
NPTX1,Neuronal pentraxin 1,0.1,0.03,5.495
CPB1,Carboxypeptidase B1,0.09,0.03,5.8682
SLAMF6,SLAM family member 6,0.09,0.07,3.5523
ITGAM,Integrin subunit alpha M,0.09,0.04,3.41065
CHI3L1,Chitinase 3 like 1,0.09,0.04,5.86005
AFP,Alpha fetoprotein,0.09,0.02,8.99125
CD164,CD164 molecule,0.09,0.04,4.1042
SDC4,Syndecan 4,0.09,0.08,7.0208
AKT1S1,AKT1 substrate 1,0.09,0.1,6.57385
ENO1,Enolase 1,0.09,0.08,8.23725
DBI,"Diazepam binding inhibitor, acyl-CoA binding protein",0.09,0.08,7.97965
PILRB,Paired immunoglobin like type 2 receptor beta,0.09,0.02,6.4368
BRK1,BRICK1 subunit of SCAR/WAVE actin nucleating complex,0.09,0.07,3.89595
ACE2,Angiotensin converting enzyme 2,0.09,0.04,4.3473
KEL,Kell metallo-endopeptidase (Kell blood group),0.09,0.05,3.4055
STX4,Syntaxin 4,0.09,0.07,4.882
SNAP23,Synaptosome associated protein 23,0.09,0.07,9.4087
LAP3,Leucine aminopeptidase 3,0.09,0.09,4.1095
CES2,Carboxylesterase 2,0.09,0.05,4.64265
SLAMF7,SLAM family member 7,0.09,0.03,4.69215
FUS,FUS RNA binding protein,0.09,0.07,2.76025
PXN,Paxillin,0.09,0.04,4.80295
CASP1,Caspase 1,0.09,0.07,3.7877
LPCAT2,Lysophosphatidylcholine acyltransferase 2,0.09,0.06,2.3538
NOS3,Nitric oxide synthase 3,0.09,0.05,3.44075
LBP,Lipopolysaccharide binding protein,0.09,0.05,6.72565
KIRREL2,Kirre like nephrin family adhesion molecule 2,0.09,0.04,3.9115
SLC39A5,Solute carrier family 39 member 5,0.09,0.04,4.9628
GUSB,Glucuronidase beta,0.09,0.04,6.12955
TXNRD1,Thioredoxin reductase 1,0.09,0.08,5.2372
SRP14,Signal recognition particle 14,0.09,0.07,4.85495
PDGFB,Platelet derived growth factor subunit B,0.09,0.07,9.85615
HAGH,Hydroxyacylglutathione hydrolase,0.09,0.06,6.7757
CCL4,C-C motif chemokine ligand 4,0.09,0.03,8.2473
CES1,Carboxylesterase 1,0.09,0.03,7.92915
CASP8,Caspase 8,0.09,0.08,6.364
MSTN,Myostatin,0.09,0.05,5.6277
ARG1,Arginase 1,0.09,0.06,5.1838
CTSC,Cathepsin C,0.09,0.04,4.5989
RAD23B,"RAD23 homolog B, nucleotide excision repair protein",0.09,0.09,4.5321
CXCL5,C-X-C motif chemokine ligand 5,0.09,0.05,11.1068
PSIP1,PC4 and SFRS1 interacting protein 1,0.09,0.07,4.4961
LILRA2,Leukocyte immunoglobulin like receptor A2,0.09,0.02,5.78395
GRPEL1,"GrpE like 1, mitochondrial",0.09,0.05,6.5277
PRL,Prolactin,0.09,0.04,8.2224
CRADD,CASP2 and RIPK1 domain containing adaptor with death domain,0.09,0.08,8.6631
CIAPIN1,Cytokine induced apoptosis inhibitor 1,0.09,0.09,7.56485
PFKFB2,"6-phosphofructo-2-kinase/fructose-2,6-biphosphatase 2",0.09,0.06,8.9128
IFNGR2,Interferon gamma receptor 2,0.09,0.03,5.5167
GMPR,Guanosine monophosphate reductase,0.09,0.08,5.96805
CSF2RA,Colony stimulating factor 2 receptor subunit alpha,0.09,0.02,5.7383
PLAT,"Plasminogen activator, tissue type",0.09,0.04,7.3938
LPO,Lactoperoxidase,0.09,0.03,7.1686
SPARC,Secreted protein acidic and cysteine rich,0.09,0.06,7.6958
SNCG,Synuclein gamma,0.09,0.03,7.1328
IL34,Interleukin 34,0.09,0.04,4.1729
CPPED1,Calcineurin like phosphoesterase domain containing 1,0.09,0.06,6.2797
PLXNA4,Plexin A4,0.09,0.07,9.32935
NEFL,Neurofilament light chain,0.09,0.05,4.8571
SERPINA9,Serpin family A member 9,0.09,0.04,6.8162
KRT18,Keratin 18,0.09,0.04,8.59015
CD40LG,CD40 ligand,0.09,0.07,8.05565
CCL26,C-C motif chemokine ligand 26,0.09,0.04,6.1139
RNF41,Ring finger protein 41,0.09,0.08,6.5352
NADK,NAD kinase,0.09,0.04,5.87545
GGT1,Gamma-glutamyltransferase 1,0.09,0.03,5.78755
APBB1IP,Amyloid beta precursor protein binding family B member 1 interacting protein,0.09,0.06,4.0332
GALNT3,Polypeptide N-acetylgalactosaminyltransferase 3,0.09,0.05,4.94385
SFTPD,Surfactant protein D,0.09,0.02,8.1161
TLR3,Toll like receptor 3,0.09,0.02,7.30945
DPP10,Dipeptidyl peptidase like 10,0.09,0.04,4.02155
CDCP1,CUB domain containing protein 1,0.09,0.03,4.67625
CAPG,"Capping actin protein, gelsolin like",0.09,0.02,7.3486
GPKOW,G-patch domain and KOW motifs,0.09,0.07,2.3866
LEPR,Leptin receptor,0.09,0.03,3.9956
CCL24,C-C motif chemokine ligand 24,0.09,0.02,9.9932
FABP2,Fatty acid binding protein 2,0.09,0.04,8.2787
TRIAP1,TP53 regulated inhibitor of apoptosis 1,0.09,0.09,6.11355
RRM2,Ribonucleotide reductase regulatory subunit M2,0.09,0.05,3.9369
LILRB5,Leukocyte immunoglobulin like receptor B5,0.09,0.01,10.80475
ALDH1A1,Aldehyde dehydrogenase 1 family member A1,0.09,0.04,5.75475
SERPINB6,Serpin family B member 6,0.09,0.08,5.79985
PAG1,Phosphoprotein membrane anchor with glycosphingolipid microdomains 1,0.09,0.06,6.0865
FCRL6,Fc receptor like 6,0.09,0.02,7.413
PPM1A,"Protein phosphatase, Mg2+/Mn2+ dependent 1A",0.09,0.07,2.1619
FCGR3B,Fc gamma receptor IIIb,0.09,0.03,6.1018
CD69,CD69 molecule,0.09,0.07,10.5053
PDGFC,Platelet derived growth factor C,0.09,0.04,3.4467
FGR,"FGR proto-oncogene, Src family tyrosine kinase",0.09,0.07,3.54485
CLEC4D,C-type lectin domain family 4 member D,0.09,0.02,7.7557
CD300LG,CD300 molecule like family member g,0.08,0.03,4.2884
TPSAB1,Tryptase alpha/beta 1,0.08,0.01,8.69335
ENAH,ENAH actin regulator,0.08,0.05,5.34665
SMPDL3A,Sphingomyelin phosphodiesterase acid like 3A,0.08,0.02,7.4153
CELA3A,Chymotrypsin like elastase 3A,0.08,0.03,7.6227
FCRL5,Fc receptor like 5,0.08,0.03,6.67345
SORCS2,Sortilin related VPS10 domain containing receptor 2,0.08,0.04,4.54895
SPINK1,Serine peptidase inhibitor Kazal type 1,0.08,0.03,4.169
RARRES2,Retinoic acid receptor responder 2,0.08,0.04,6.387
IL17RB,Interleukin 17 receptor B,0.08,0.02,6.98415
SMPD1,Sphingomyelin phosphodiesterase 1,0.08,0.04,6.04815
MGLL,Monoglyceride lipase,0.08,0.07,8.9868
PEBP1,Phosphatidylethanolamine binding protein 1,0.08,0.07,6.6898
RHOC,Ras homolog family member C,0.08,0.08,10.6495
ADAMTS15,ADAM metallopeptidase with thrombospondin type 1 motif 15,0.08,0.02,8.05345
PSMG3,Proteasome assembly chaperone 3,0.08,0.06,4.7659
FGF5,Fibroblast growth factor 5,0.08,0.04,4.8566
OBP2B,Odorant binding protein 2B,0.08,0.02,8.79605
OMD,Osteomodulin,0.08,0.02,8.1
TRIM21,Tripartite motif containing 21,0.08,0.07,6.631
PLIN3,Perilipin 3,0.08,0.07,4.7122
MSRA,Methionine sulfoxide reductase A,0.08,0.07,8.42895
GNLY,Granulysin,0.08,0.03,7.89025
TYMP,Thymidine phosphorylase,0.08,0.07,7.2882
HPGDS,Hematopoietic prostaglandin D synthase,0.08,0.04,3.6148
LAT,Linker for activation of T cells,0.08,0.07,8.7353
MIF,Macrophage migration inhibitory factor,0.08,0.07,8.96545
PRSS2,Serine protease 2,0.08,0.03,6.41955
CXCL13,C-X-C motif chemokine ligand 13,0.08,0.05,5.7983
TNC,Tenascin C,0.08,0.04,6.6956
CA9,Carbonic anhydrase 9,0.08,0.02,7.28745
GFER,"Growth factor, augmenter of liver regeneration",0.08,0.08,5.5069
PDCD1,Programmed cell death 1,0.08,0.03,5.45825
HCLS1,Hematopoietic cell-specific Lyn substrate 1,0.08,0.07,7.41465
ADGRG1,Adhesion G protein-coupled receptor G1,0.08,0.02,6.3185
MSLN,Mesothelin,0.08,0.02,6.9224
BLVRB,Biliverdin reductase B,0.08,0.05,3.88155
PLA2G10,Phospholipase A2 group X,0.08,0.03,7.48725
GKN1,Gastrokine 1,0.08,0.04,2.7803
IL12A,Interleukin 12A,0.08,0.02,#N/D
GP6,Glycoprotein VI platelet,0.08,0.07,8.99255
C1QTNF1,C1q and TNF related 1,0.08,0.04,6.9006
ITM2A,Integral membrane protein 2A,0.08,0.03,4.902
CHRDL2,Chordin like 2,0.08,0.03,7.10825
GAL,Galanin and GMAP prepropeptide,0.08,0.02,8.6426
CCL18,C-C motif chemokine ligand 18,0.08,0.04,9.71735
IL7R,Interleukin 7 receptor,0.08,0.02,8.64005
FCAR,Fc alpha receptor,0.08,0.03,5.89515
AGRP,Agouti related neuropeptide,0.08,0.04,6.9097
CST7,Cystatin F,0.08,0.03,7.5446
IFNLR1,Interferon lambda receptor 1,0.08,0.02,6.1243
ARSB,Arylsulfatase B,0.08,0.06,6.0433
EGLN1,Egl-9 family hypoxia inducible factor 1,0.08,0.05,4.93165
NAAA,N-acylethanolamine acid amidase,0.08,0.03,6.33355
NCF2,Neutrophil cytosolic factor 2,0.08,0.04,5.8208
PMVK,Phosphomevalonate kinase,0.08,0.07,10.59025
CLUL1,Clusterin like 1,0.08,0.02,6.53815
SSC5D,Scavenger receptor cysteine rich family member with 5 domains,0.08,0.03,6.98375
PLXNB3,Plexin B3,0.08,0.06,5.0807
PDCD6,Programmed cell death 6,0.08,0.03,6.65375
CARHSP1,Calcium regulated heat stable protein 1,0.08,0.06,5.182
PTGES3L-AARSD1,PTGES3L-AARSD1 readthrough,0.08,0.07,#N/D
AARSD1,Alanyl-tRNA synthetase domain containing 1,0.08,0.07,6.09065
REG1B,Regenerating family member 1 beta,0.08,0.02,7.33895
DFFA,DNA fragmentation factor subunit alpha,0.08,0.07,8.55375
METAP2,Methionyl aminopeptidase 2,0.08,0.08,7.995
LDLR,Low density lipoprotein receptor,0.08,0.03,7.20385
INPP1,Inositol polyphosphate-1-phosphatase,0.08,0.07,5.9555
FCGR2B,Fc gamma receptor IIb,0.08,0.03,6.1021
ARSA,Arylsulfatase A,0.08,0.04,4.9895
PARK7,Parkinsonism associated deglycase,0.08,0.07,7.091
ACP6,"Acid phosphatase 6, lysophosphatidic",0.08,0.02,9.29035
ST3GAL1,"ST3 beta-galactoside alpha-2,3-sialyltransferase 1",0.08,0.02,5.83215
APOH,Apolipoprotein H,0.08,0.06,2.87035
TFRC,Transferrin receptor,0.08,0.03,4.55575
ACY1,Aminoacylase 1,0.08,0.03,7.035
GLRX,Glutaredoxin,0.08,0.04,6.25935
FKBP4,FKBP prolyl isomerase 4,0.08,0.07,6.95065
IL5RA,Interleukin 5 receptor subunit alpha,0.08,0.02,7.3334
LILRB4,Leukocyte immunoglobulin like receptor B4,0.08,0.03,6.43655
REG3A,Regenerating family member 3 alpha,0.08,0.02,7.69545
ASAH2,N-acylsphingosine amidohydrolase 2,0.08,0.02,8.18765
FCGR2A,Fc gamma receptor IIa,0.08,0.02,8.6706
MCFD2,"Multiple coagulation factor deficiency 2, ER cargo receptor complex subunit",0.08,0.06,6.03675
EDIL3,EGF like repeats and discoidin domains 3,0.08,0.04,4.36435
RILP,Rab interacting lysosomal protein,0.08,0.07,8.694
LGALS8,Galectin 8,0.08,0.06,7.40665
CCL16,C-C motif chemokine ligand 16,0.08,0.02,9.9543
KLK4,Kallikrein related peptidase 4,0.08,0.01,7.7612
ADAMTS16,ADAM metallopeptidase with thrombospondin type 1 motif 16,0.08,0.04,3.58525
LY96,Lymphocyte antigen 96,0.08,0.03,4.46535
STAMBP,STAM binding protein,0.07,0.07,8.2173
CFC1,"Cripto, FRL-1, cryptic family 1",0.07,0.03,4.4733
EIF4EBP1,Eukaryotic translation initiation factor 4E binding protein 1,0.07,0.07,6.9457
BST2,Bone marrow stromal cell antigen 2,0.07,0.03,6.3683
TGFBR3,Transforming growth factor beta receptor 3,0.07,0.02,8.27065
LHPP,Phospholysine phosphohistidine inorganic pyrophosphate phosphatase,0.07,0.04,7.8302
LRRC25,Leucine rich repeat containing 25,0.07,0.03,6.1861
TNFSF14,TNF superfamily member 14,0.07,0.05,6.3736
FURIN,"Furin, paired basic amino acid cleaving enzyme",0.07,0.03,6.8042
ZBTB17,Zinc finger and BTB domain containing 17,0.07,0.04,3.79205
TNFRSF10C,TNF receptor superfamily member 10c,0.07,0.02,7.3953
PRTN3,Proteinase 3,0.07,0.03,6.0029
DPP6,Dipeptidyl peptidase like 6,0.07,0.03,5.0116
ICAM4,Intercellular adhesion molecule 4 (Landsteiner-Wiener blood group),0.07,0.02,7.05795
ITIH3,Inter-alpha-trypsin inhibitor heavy chain 3,0.07,0.03,5.48425
CTSB,Cathepsin B,0.07,0.03,7.2826
IGFBPL1,Insulin like growth factor binding protein like 1,0.07,0.03,5.0992
CRIP2,Cysteine rich protein 2,0.07,0.04,4.53115
CTSZ,Cathepsin Z,0.07,0.03,4.8597
EZR,Ezrin,0.07,0.04,3.02125
SIRPA,Signal regulatory protein alpha,0.07,0.01,10.1652
BST1,Bone marrow stromal cell antigen 1,0.07,0.01,7.204
SORD,Sorbitol dehydrogenase,0.07,0.03,11.4881
DNMBP,Dynamin binding protein,0.07,0.06,7.7569
F11R,F11 receptor,0.07,0.05,7.81745
CRISP2,Cysteine rich secretory protein 2,0.07,0.01,9.675
CLEC4C,C-type lectin domain family 4 member C,0.07,0.02,6.2503
SERPINB8,Serpin family B member 8,0.07,0.02,6.8072
POLR2F,"RNA polymerase II, I and III subunit F",0.07,0.05,3.8956
MAPK9,Mitogen-activated protein kinase 9,0.07,0.06,4.90225
CA2,Carbonic anhydrase 2,0.07,0.05,8.48935
MMP1,Matrix metallopeptidase 1,0.07,0.02,12.9963
PCDH17,Protocadherin 17,0.07,0.03,5.0712
CD4,CD4 molecule,0.07,0.04,3.94105
OPTC,Opticin,0.07,0.02,6.2608
CSTB,Cystatin B,0.07,0.03,5.7374
XG,Xg glycoprotein (Xg blood group),0.07,0.03,6.14455
CDH2,Cadherin 2,0.07,0.03,6.1876
MMP10,Matrix metallopeptidase 10,0.07,0.03,8.1826
COL1A1,Collagen type I alpha 1 chain,0.07,0.04,3.9622
MFGE8,Milk fat globule EGF and factor V/VIII domain containing,0.07,0.03,5.94595
AMY2A,Amylase alpha 2A,0.07,0.03,5.9839
WNT9A,Wnt family member 9A,0.07,0.04,3.95725
LSP1,Lymphocyte specific protein 1,0.07,0.03,5.89785
DPEP1,Dipeptidase 1,0.07,0.02,6.38405
GPC5,Glypican 5,0.07,0.03,7.4448
IDUA,Alpha-L-iduronidase,0.07,0.03,6.33035
RBP5,Retinol binding protein 5,0.07,0.03,7.22005
CTRC,Chymotrypsin C,0.07,0.03,9.15225
HLA-E,"Major histocompatibility complex, class I, E",0.07,0.04,3.21045
CST6,Cystatin E/M,0.07,0.02,7.82845
MCAM,Melanoma cell adhesion molecule,0.07,0.03,5.5665
MPIG6B,Megakaryocyte and platelet inhibitory receptor G6b,0.07,0.06,8.98205
CXCL12,C-X-C motif chemokine ligand 12,0.07,0.05,5.0307
KYAT1,Kynurenine aminotransferase 1,0.07,0.07,8.2444
HBEGF,Heparin binding EGF like growth factor,0.07,0.05,9.6082
SERPINE1,Serpin family E member 1,0.07,0.03,9.93985
LAG3,Lymphocyte activating 3,0.07,0.03,6.01355
CD74,CD74 molecule,0.07,0.03,6.15365
ICAM5,Intercellular adhesion molecule 5,0.07,0.02,6.424
PRDX6,Peroxiredoxin 6,0.07,0.05,4.3193
NGF,Nerve growth factor,0.07,0.05,1.9437
CLEC11A,C-type lectin domain containing 11A,0.07,0.03,6.90515
EFNA1,Ephrin A1,0.07,0.04,4.0825
ITGB5,Integrin subunit beta 5,0.07,0.04,6.53685
INHBC,Inhibin subunit beta C,0.07,0.03,7.05095
PCSK9,Proprotein convertase subtilisin/kexin type 9,0.07,0.03,6.17725
TNR,Tenascin R,0.07,0.03,6.86565
ELOA,Elongin A,0.07,0.04,5.73275
NCR1,Natural cytotoxicity triggering receptor 1,0.07,0.03,5.21975
CNTN5,Contactin 5,0.07,0.02,6.3281
CKMT1A,"Creatine kinase, mitochondrial 1A",0.07,0.04,#N/D
CKMT1B,"Creatine kinase, mitochondrial 1B",0.07,0.04,#N/D
HAVCR1,Hepatitis A virus cellular receptor 1,0.07,0.02,8.0624
FCER2,Fc epsilon receptor II,0.07,0.02,8.16865
CLEC1A,C-type lectin domain family 1 member A,0.07,0.03,5.28565
HNMT,Histamine N-methyltransferase,0.07,0.02,7.72975
CXCL3,C-X-C motif chemokine ligand 3,0.07,0.05,11.62225
DKK1,Dickkopf WNT signaling pathway inhibitor 1,0.07,0.04,9.2856
DPY30,Dpy-30 histone methyltransferase complex regulatory subunit,0.07,0.05,6.05525
OSMR,Oncostatin M receptor,0.07,0.04,3.8511
CD300E,CD300e molecule,0.07,0.02,6.9613
MAD1L1,Mitotic arrest deficient 1 like 1,0.07,0.05,5.11985
CPA1,Carboxypeptidase A1,0.07,0.02,9.85945
SCGB1A1,Secretoglobin family 1A member 1,0.07,0.02,7.81475
IGF2R,Insulin like growth factor 2 receptor,0.07,0.02,5.05515
CBLIF,Cobalamin binding intrinsic factor,0.07,0.02,8.496
CD300C,CD300c molecule,0.07,0.03,6.1109
HMBS,Hydroxymethylbilane synthase,0.07,0.05,5.4923
THBS4,Thrombospondin 4,0.07,0.03,8.1762
QDPR,Quinoid dihydropteridine reductase,0.07,0.06,7.04155
AREG,Amphiregulin,0.07,0.03,6.71605
CCL3,C-C motif chemokine ligand 3,0.07,0.02,6.9429
BPIFB1,BPI fold containing family B member 1,0.07,0.02,10.44855
CALB1,Calbindin 1,0.07,0.02,7.9309
SLC39A14,Solute carrier family 39 member 14,0.07,0.04,5.1509
OLR1,Oxidized low density lipoprotein receptor 1,0.07,0.03,5.70185
NUDC,"Nuclear distribution C, dynein complex regulator",0.07,0.05,9.58615
FABP1,Fatty acid binding protein 1,0.07,0.03,11.97385
CCL21,C-C motif chemokine ligand 21,0.07,0.04,6.56415
ITGB6,Integrin subunit beta 6,0.07,0.03,5.61025
PECAM1,Platelet and endothelial cell adhesion molecule 1,0.07,0.04,4.31955
WFIKKN1,"WAP, follistatin/kazal, immunoglobulin, kunitz and netrin domain containing 1",0.07,0.02,6.59925
VEGFC,Vascular endothelial growth factor C,0.07,0.04,7.2672
S100A11,S100 calcium binding protein A11,0.07,0.05,4.10415
CD70,CD70 molecule,0.07,0.02,6.7256
PSMD9,"Proteasome 26S subunit, non-ATPase 9",0.07,0.05,5.3677
NRP2,Neuropilin 2,0.07,0.04,4.50475
MMP12,Matrix metallopeptidase 12,0.07,0.02,9.8398
CDH6,Cadherin 6,0.07,0.03,5.8349
LGALS7B,Galectin 7B,0.07,0.03,#N/D
LGALS7,Galectin 7,0.07,0.03,#N/D
CHGB,Chromogranin B,0.07,0.03,6.35215
IL18BP,Interleukin 18 binding protein,0.07,0.03,5.0807
CEACAM8,CEA cell adhesion molecule 8,0.07,0.03,6.52475
CD207,CD207 molecule,0.07,0.03,5.7774
NT5E,5'-nucleotidase ecto,0.07,0.02,9.2393
CLPS,Colipase,0.07,0.03,10.31385
SUSD1,Sushi domain containing 1,0.06,0.04,6.0402
LXN,Latexin,0.06,0.05,5.0183
TAFA5,TAFA chemokine like family member 5,0.06,0.03,5.47435
KLK11,Kallikrein related peptidase 11,0.06,0.04,4.93595
OGFR,Opioid growth factor receptor,0.06,0.03,7.1433
AMY2B,Amylase alpha 2B,0.06,0.03,5.9519
TIMD4,T cell immunoglobulin and mucin domain containing 4,0.06,0.03,6.86655
CCL22,C-C motif chemokine ligand 22,0.06,0.04,10.00895
ULBP2,UL16 binding protein 2,0.06,0.03,4.55545
GZMB,Granzyme B,0.06,0.04,9.0056
TFF2,Trefoil factor 2,0.06,0.02,9.35535
KLK10,Kallikrein related peptidase 10,0.06,0.04,5.69405
FAP,Fibroblast activation protein alpha,0.06,0.03,4.86365
PPP3R1,"Protein phosphatase 3 regulatory subunit B, alpha",0.06,0.04,4.7681
LY6D,Lymphocyte antigen 6 family member D,0.06,0.03,5.81815
CTSF,Cathepsin F,0.06,0.03,6.6102
HS3ST3B1,Heparan sulfate-glucosamine 3-sulfotransferase 3B1,0.06,0.03,6.34695
APEX1,Apurinic/apyrimidinic endodeoxyribonuclease 1,0.06,0.05,8.81195
TFF3,Trefoil factor 3,0.06,0.03,5.1628
VSIG4,V-set and immunoglobulin domain containing 4,0.06,0.03,7.02855
SELP,Selectin P,0.06,0.04,7.4221
ITGB7,Integrin subunit beta 7,0.06,0.02,5.8555
HPCAL1,Hippocalcin like 1,0.06,0.06,9.27875
CCL23,C-C motif chemokine ligand 23,0.06,0.03,8.18415
DNPH1,2'-deoxynucleoside 5'-phosphate N-hydrolase 1,0.06,0.05,7.96425
ECE1,Endothelin converting enzyme 1,0.06,0.04,5.0186
ITGA11,Integrin subunit alpha 11,0.06,0.03,5.3431
IL1RAP,Interleukin 1 receptor accessory protein,0.06,0.01,7.8276
CCS,Copper chaperone for superoxide dismutase,0.06,0.06,6.8797
BCAM,Basal cell adhesion molecule (Lutheran blood group),0.06,0.04,3.74525
CXCL6,C-X-C motif chemokine ligand 6,0.06,0.04,10.9776
CTRB1,Chymotrypsinogen B1,0.06,0.02,8.4898
NPTXR,Neuronal pentraxin receptor,0.06,0.03,6.58955
CDH3,Cadherin 3,0.06,0.03,5.7068
APRT,Adenine phosphoribosyltransferase,0.06,0.05,8.29985
FUT5,Fucosyltransferase 5,0.06,0.02,#N/D
FUT3,Fucosyltransferase 3 (Lewis blood group),0.06,0.02,#N/D
CGREF1,Cell growth regulator with EF-hand domain 1,0.06,0.03,6.1851
PODXL2,Podocalyxin like 2,0.06,0.02,5.64925
OGN,Osteoglycin,0.06,0.02,7.451
F2R,Coagulation factor II thrombin receptor,0.06,0.05,7.9931
FCRL2,Fc receptor like 2,0.06,0.02,7.7225
HSD11B1,Hydroxysteroid 11-beta dehydrogenase 1,0.06,0.03,5.96415
CDH1,Cadherin 1,0.06,0.03,6.68015
CRTAM,Cytotoxic and regulatory T cell molecule,0.06,0.02,7.55835
FCRL1,Fc receptor like 1,0.06,0.02,7.9322
DDC,Dopa decarboxylase,0.06,0.02,9.2658
DKK4,Dickkopf WNT signaling pathway inhibitor 4,0.06,0.03,6.73565
SEZ6L,Seizure related 6 homolog like,0.06,0.03,5.98245
VNN2,Vanin 2,0.06,0.02,7.0991
LTA,Lymphotoxin alpha,0.06,0.02,6.5949
NPPC,Natriuretic peptide C,0.06,0.03,7.2771
CNDP1,Carnosine dipeptidase 1,0.06,0.03,6.5503
KLK8,Kallikrein related peptidase 8,0.06,0.03,6.8081
GDF2,Growth differentiation factor 2,0.06,0.02,8.06465
CD28,CD28 molecule,0.06,0.03,5.25015
SIGLEC1,Sialic acid binding Ig like lectin 1,0.06,0.02,6.9496
IGFBP2,Insulin like growth factor binding protein 2,0.06,0.02,10.6097
MYOC,Myocilin,0.06,0.03,8.4188
PILRA,Paired immunoglobin like type 2 receptor alpha,0.06,0.02,8.8041
CD163,CD163 molecule,0.06,0.02,7.1458
IL32,Interleukin 32,0.06,0.02,8.2463
CCN2,Cellular communication network factor 2,0.06,0.03,8.2067
LCN2,Lipocalin 2,0.06,0.03,6.12795
UMOD,Uromodulin,0.06,0.02,8.4514
DLK1,Delta like non-canonical Notch ligand 1,0.06,0.02,8.8803
CRELD2,Cysteine rich with EGF like domains 2,0.06,0.04,9.59785
LRRN1,Leucine rich repeat neuronal 1,0.06,0.02,7.31335
FGFBP1,Fibroblast growth factor binding protein 1,0.06,0.02,8.1436
IL17D,Interleukin 17D,0.06,0.03,5.50695
CREG1,Cellular repressor of E1A stimulated genes 1,0.06,0.03,6.20975
NTF3,Neurotrophin 3,0.06,0.03,6.17595
ANGPTL2,Angiopoietin like 2,0.06,0.03,7.4252
CDHR5,Cadherin related family member 5,0.06,0.03,6.8175
PLXDC1,Plexin domain containing 1,0.06,0.03,4.7607
DRAXIN,Dorsal inhibitory axon guidance protein,0.06,0.03,6.41975
SDC1,Syndecan 1,0.06,0.03,6.4576
HAVCR2,Hepatitis A virus cellular receptor 2,0.06,0.02,7.1317
SLITRK6,SLIT and NTRK like family member 6,0.06,0.04,6.2203
GDF15,Growth differentiation factor 15,0.06,0.03,5.8346
BTN3A2,Butyrophilin subfamily 3 member A2,0.06,0.03,6.09515
TNFRSF6B,TNF receptor superfamily member 6b,0.06,0.02,7.1076
SERPINB9,Serpin family B member 9,0.06,0.04,5.93355
PPCDC,Phosphopantothenoylcysteine decarboxylase,0.06,0.05,8.6391
LRPAP1,LDL receptor related protein associated protein 1,0.06,0.03,7.5566
PTX3,Pentraxin 3,0.06,0.03,7.9003
SOD2,Superoxide dismutase 2,0.06,0.04,5.3023
IL1RL2,Interleukin 1 receptor like 2,0.06,0.03,7.3606
GLO1,Glyoxalase I,0.06,0.04,8.4376
LAMP3,Lysosomal associated membrane protein 3,0.06,0.02,9.0481
IL12B,Interleukin 12B,0.06,0.02,9.21895
WWP2,WW domain containing E3 ubiquitin protein ligase 2,0.06,0.06,7.69965
TNFRSF12A,TNF receptor superfamily member 12A,0.06,0.04,6.01655
PKLR,Pyruvate kinase L/R,0.06,0.04,8.5299
CTSV,Cathepsin V,0.06,0.02,7.683
L1CAM,L1 cell adhesion molecule,0.06,0.03,5.09355
CLEC14A,C-type lectin domain containing 14A,0.06,0.03,5.30115
GGH,Gamma-glutamyl hydrolase,0.06,0.03,6.57545
CCDC80,Coiled-coil domain containing 80,0.06,0.03,8.27735
IL18,Interleukin 18,0.06,0.02,9.0794
LEFTY2,Left-right determination factor 2,0.06,0.02,10.11435
CNTN3,Contactin 3,0.06,0.02,7.27525
ENTPD6,Ectonucleoside triphosphate diphosphohydrolase 6,0.06,0.03,4.90875
CD1C,CD1c molecule,0.06,0.03,4.84315
CD6,CD6 molecule,0.06,0.02,8.92135
TMPRSS5,Transmembrane serine protease 5,0.06,0.02,7.7308
FUT8,Fucosyltransferase 8,0.06,0.03,6.6829
NECTIN4,Nectin cell adhesion molecule 4,0.06,0.03,6.18985
ROR1,Receptor tyrosine kinase like orphan receptor 1,0.06,0.03,5.6629
CD63,CD63 molecule,0.06,0.03,9.10405
CPA2,Carboxypeptidase A2,0.06,0.02,9.32225
GCNT1,Glucosaminyl (N-acetyl) transferase 1,0.06,0.02,6.3342
IGF1R,Insulin like growth factor 1 receptor,0.06,0.02,5.04695
CST5,Cystatin D,0.06,0.01,9.6955
SPINK6,Serine peptidase inhibitor Kazal type 6,0.06,0.03,9.33525
THPO,Thrombopoietin,0.06,0.03,5.85615
HSPB6,Heat shock protein family B (small) member 6,0.06,0.02,6.92705
BLMH,Bleomycin hydrolase,0.06,0.03,6.4271
CPVL,Carboxypeptidase vitellogenic like,0.06,0.02,7.69965
ADAMTS8,ADAM metallopeptidase with thrombospondin type 1 motif 8,0.06,0.02,7.89575
PTPRN2,Protein tyrosine phosphatase receptor type N2,0.06,0.03,6.4002
PDCD1LG2,Programmed cell death 1 ligand 2,0.06,0.02,5.24835
MB,Myoglobin,0.06,0.03,8.9323
TNFRSF8,TNF receptor superfamily member 8,0.06,0.02,8.14865
FCN2,Ficolin 2,0.06,0.02,9.4107
NCAN,Neurocan,0.06,0.02,8.52325
ANGPTL1,Angiopoietin like 1,0.06,0.03,5.03865
PDGFRA,Platelet derived growth factor receptor alpha,0.06,0.03,5.4815
RTBDN,Retbindin,0.06,0.03,5.66865
CA3,Carbonic anhydrase 3,0.06,0.02,8.7988
CCN5,Cellular communication network factor 5,0.06,0.04,#N/D
LPL,Lipoprotein lipase,0.06,0.03,8.84165
VCAN,Versican,0.06,0.02,6.11075
HMOX1,Heme oxygenase 1,0.06,0.02,9.9237
FGF23,Fibroblast growth factor 23,0.06,0.03,6.60195
MSR1,Macrophage scavenger receptor 1,0.06,0.02,8.1372
TREML2,Triggering receptor expressed on myeloid cells like 2,0.06,0.03,7.13825
PDGFRB,Platelet derived growth factor receptor beta,0.06,0.02,6.98485
SPP1,Secreted phosphoprotein 1,0.05,0.02,11.814
CR2,Complement C3d receptor 2,0.05,0.02,7.95695
SCLY,Selenocysteine lyase,0.05,0.02,9.83105
UBAC1,UBA domain containing 1,0.05,0.04,5.65745
KLRD1,Killer cell lectin like receptor D1,0.05,0.01,9.40355
ART3,ADP-ribosyltransferase 3 (inactive),0.05,0.03,6.2876
SELE,Selectin E,0.05,0.02,9.72535
VWC2,Von Willebrand factor C domain containing 2,0.05,0.02,7.6998
SCARF1,Scavenger receptor class F member 1,0.05,0.04,7.8205
NCAM1,Neural cell adhesion molecule 1,0.05,0.03,6.2651
PRSS27,Serine protease 27,0.05,0.02,7.44695
COL4A1,Collagen type IV alpha 1 chain,0.05,0.03,7.9961
C4BPB,Complement component 4 binding protein beta,0.05,0.02,7.4572
MFAP5,Microfibril associated protein 5,0.05,0.03,8.5429
CLEC4A,C-type lectin domain family 4 member A,0.05,0.02,7.2257
AOC3,Amine oxidase copper containing 3,0.05,0.03,6.01665
CD22,CD22 molecule,0.05,0.01,9.2526
DCTPP1,DCTP pyrophosphatase 1,0.05,0.03,6.4009
FLT4,Fms related receptor tyrosine kinase 4,0.05,0.02,6.33675
CD109,CD109 molecule,0.05,0.02,6.80665
TXNDC15,Thioredoxin domain containing 15,0.05,0.02,6.34665
DSG2,Desmoglein 2,0.05,0.02,6.6553
WARS1,Tryptophanyl-tRNA synthetase 1,0.05,0.03,#N/D
ESAM,Endothelial cell adhesion molecule,0.05,0.03,5.6041
SFRP1,Secreted frizzled related protein 1,0.05,0.02,9.12945
CDNF,Cerebral dopamine neurotrophic factor,0.05,0.03,6.06285
NRCAM,Neuronal cell adhesion molecule,0.05,0.03,8.3112
IL16,Interleukin 16,0.05,0.02,7.0506
MZB1,Marginal zone B and B1 cell specific protein,0.05,0.02,8.72645
SIRPB1,Signal regulatory protein beta 1,0.05,0.02,10.00815
BMP4,Bone morphogenetic protein 4,0.05,0.03,5.4769
CRLF1,Cytokine receptor like factor 1,0.05,0.03,5.6881
BAG6,BAG cochaperone 6,0.05,0.04,7.6614
TREM2,Triggering receptor expressed on myeloid cells 2,0.05,0.02,10.07315
ANPEP,"Alanyl aminopeptidase, membrane",0.05,0.03,5.22685
SEMA4C,Semaphorin 4C,0.05,0.03,4.51525
SOST,Sclerostin,0.05,0.02,9.02815
TFPI2,Tissue factor pathway inhibitor 2,0.05,0.02,8.3914
CD209,CD209 molecule,0.05,0.02,8.32085
DAG1,Dystroglycan 1,0.05,0.05,8.2285
CD300LF,CD300 molecule like family member f,0.05,0.01,10.4967
CA1,Carbonic anhydrase 1,0.05,0.03,10.2952
MASP1,MBL associated serine protease 1,0.05,0.03,4.57275
KLK13,Kallikrein related peptidase 13,0.05,0.02,7.71955
RET,Ret proto-oncogene,0.05,0.02,7.6329
DSC2,Desmocollin 2,0.05,0.03,6.9274
CD40,CD40 molecule,0.05,0.03,10.5557
PRSS8,Serine protease 8,0.05,0.02,8.25745
ENPP2,Ectonucleotide pyrophosphatase/phosphodiesterase 2,0.05,0.02,5.7701
CD38,CD38 molecule,0.05,0.02,7.496
IL6R,Interleukin 6 receptor,0.05,0.02,8.52975
TIMP4,TIMP metallopeptidase inhibitor 4,0.05,0.02,8.09255
TNFRSF10A,TNF receptor superfamily member 10a,0.05,0.03,6.2088
PSME2,Proteasome activator subunit 2,0.05,0.03,6.58695
LRP11,LDL receptor related protein 11,0.05,0.03,6.9505
ROBO2,Roundabout guidance receptor 2,0.05,0.03,5.21545
ICAM2,Intercellular adhesion molecule 2,0.05,0.02,6.49095
IL4R,Interleukin 4 receptor,0.05,0.02,7.1708
LYPD3,LY6/PLAUR domain containing 3,0.05,0.02,6.2807
MDK,Midkine,0.05,0.03,7.5552
PIGR,Polymeric immunoglobulin receptor,0.05,0.03,5.8413
DKK3,Dickkopf WNT signaling pathway inhibitor 3,0.05,0.02,8.5342
CNTN2,Contactin 2,0.05,0.02,8.08545
TGFBR2,Transforming growth factor beta receptor 2,0.05,0.02,6.5638
CPE,Carboxypeptidase E,0.05,0.02,7.7731
CD8A,CD8a molecule,0.05,0.02,10.5837
PTH1R,Parathyroid hormone 1 receptor,0.05,0.02,5.57505
IGSF8,Immunoglobulin superfamily member 8,0.05,0.04,5.86625
CNTN1,Contactin 1,0.05,0.02,6.6581
LY75,Lymphocyte antigen 75,0.05,0.02,6.9759
CCN3,Cellular communication network factor 3,0.05,0.03,7.55515
PIK3IP1,Phosphoinositide-3-kinase interacting protein 1,0.05,0.02,5.86145
CLEC10A,C-type lectin domain containing 10A,0.05,0.02,7.4616
REG1A,Regenerating family member 1 alpha,0.05,0.02,9.50665
SIGLEC6,Sialic acid binding Ig like lectin 6,0.05,0.01,8.60285
KIT,"KIT proto-oncogene, receptor tyrosine kinase",0.05,0.02,6.415
NOTCH3,Notch receptor 3,0.05,0.02,7.2183
ACAN,Aggrecan,0.05,0.02,6.3444
IGFBP4,Insulin like growth factor binding protein 4,0.05,0.03,7.7073
MIA,MIA SH3 domain containing,0.05,0.02,9.3555
CD27,CD27 molecule,0.05,0.02,7.10875
VWA1,Von Willebrand factor A domain containing 1,0.05,0.02,7.83435
SEZ6L2,Seizure related 6 homolog like 2,0.05,0.02,5.3699
THBS2,Thrombospondin 2,0.05,0.03,6.99845
PLAU,"Plasminogen activator, urokinase",0.05,0.02,7.1443
CCL13,C-C motif chemokine ligand 13,0.05,0.03,11.1198
EGFL7,EGF like domain multiple 7,0.05,0.02,6.7189
ISM1,Isthmin 1,0.05,0.02,8.2482
CD83,CD83 molecule,0.05,0.02,6.83285
IL2RA,Interleukin 2 receptor subunit alpha,0.05,0.02,8.46085
VASN,Vasorin,0.05,0.03,6.24055
CXCL17,C-X-C motif chemokine ligand 17,0.05,0.02,8.6465
STC2,Stanniocalcin 2,0.05,0.02,8.85655
CDH5,Cadherin 5,0.05,0.02,6.38025
ANGPTL4,Angiopoietin like 4,0.05,0.03,8.7171
TIE1,Tyrosine kinase with immunoglobulin like and EGF like domains 1,0.05,0.02,8.686
CNTN4,Contactin 4,0.05,0.02,5.2052
NRP1,Neuropilin 1,0.05,0.03,6.14545
MANSC1,MANSC domain containing 1,0.05,0.02,7.0384
CCL8,C-C motif chemokine ligand 8,0.05,0.02,11.1634
GFRA2,GDNF family receptor alpha 2,0.05,0.03,4.4003
CPM,Carboxypeptidase M,0.05,0.02,8.08585
MOG,Myelin oligodendrocyte glycoprotein,0.05,0.02,7.0712
CCL15,C-C motif chemokine ligand 15,0.05,0.02,10.0981
SCARF2,Scavenger receptor class F member 2,0.05,0.02,6.39945
NELL1,Neural EGFL like 1,0.05,0.02,8.61545
SIGLEC7,Sialic acid binding Ig like lectin 7,0.05,0.02,6.43385
EPHA1,EPH receptor A1,0.05,0.02,8.0663
DCN,Decorin,0.05,0.03,6.2858
BCAN,Brevican,0.05,0.02,7.978
CD160,CD160 molecule,0.05,0.02,9.7407
LTBP2,Latent transforming growth factor beta binding protein 2,0.05,0.02,8.2728
NELL2,Neural EGFL like 2,0.05,0.02,7.506
SIGLEC10,Sialic acid binding Ig like lectin 10,0.05,0.02,6.6111
ANGPTL3,Angiopoietin like 3,0.05,0.02,8.73815
SPOCK1,"SPARC (osteonectin), cwcv and kazal like domains proteoglycan 1",0.05,0.03,5.90605
LGALS3,Galectin 3,0.05,0.02,7.6367
GLOD4,Glyoxalase domain containing 4,0.05,0.04,8.688
SMOC2,SPARC related modular calcium binding 2,0.05,0.02,8.9268
CBLN4,Cerebellin 4 precursor,0.05,0.02,6.7911
LGALS1,Galectin 1,0.05,0.03,6.87165
QPCT,Glutaminyl-peptide cyclotransferase,0.05,0.02,7.883
EDA2R,Ectodysplasin A2 receptor,0.05,0.02,8.6086
VAT1,Vesicle amine transport 1,0.05,0.03,4.2942
SERPINA11,Serpin family A member 11,0.05,0.02,10.9531
CHL1,Cell adhesion molecule L1 like,0.05,0.02,6.60105
CA11,Carbonic anhydrase 11,0.05,0.03,4.6853
CD34,CD34 molecule,0.05,0.03,5.86295
SEMA3F,Semaphorin 3F,0.05,0.03,5.31025
FLRT2,Fibronectin leucine rich transmembrane protein 2,0.05,0.02,6.1292
CA12,Carbonic anhydrase 12,0.05,0.02,6.91525
P4HB,Prolyl 4-hydroxylase subunit beta,0.05,0.03,9.12
DCBLD2,"Discoidin, CUB and LCCL domain containing 2",0.05,0.03,7.7206
HSPB1,Heat shock protein family B (small) member 1,0.05,0.03,10.6273
PSME1,Proteasome activator subunit 1,0.05,0.04,7.7923
AXL,AXL receptor tyrosine kinase,0.05,0.02,7.0446
NTRK2,Neurotrophic receptor tyrosine kinase 2,0.05,0.03,5.62275
TNFRSF1A,TNF receptor superfamily member 1A,0.05,0.02,7.1447
LGALS4,Galectin 4,0.05,0.03,9.59985
PAMR1,Peptidase domain containing associated with muscle regeneration 1,0.05,0.02,7.22445
RBKS,Ribokinase,0.05,0.02,9.5661
LAYN,Layilin,0.05,0.02,6.86065
PRCP,Prolylcarboxypeptidase,0.05,0.02,7.44555
CCL25,C-C motif chemokine ligand 25,0.05,0.02,10.0465
FAM3B,FAM3 metabolism regulating signaling molecule B,0.05,0.02,6.983
NID1,Nidogen 1,0.05,0.03,7.62225
PCOLCE,Procollagen C-endopeptidase enhancer,0.05,0.02,9.8899
TPP1,Tripeptidyl peptidase 1,0.05,0.02,9.49895
PLA2G1B,Phospholipase A2 group IB,0.05,0.02,8.84595
LILRA5,Leukocyte immunoglobulin like receptor A5,0.05,0.02,7.8801
NPDC1,"Neural proliferation, differentiation and control 1",0.05,0.03,6.1997
SLITRK2,SLIT and NTRK like family member 2,0.05,0.02,8.17085
REG4,Regenerating family member 4,0.05,0.02,10.66395
SEMA4D,Semaphorin 4D,0.04,0.03,5.9849
CLEC5A,C-type lectin domain containing 5A,0.04,0.02,6.2693
LILRB2,Leukocyte immunoglobulin like receptor B2,0.04,0.01,10.421
SUSD2,Sushi domain containing 2,0.04,0.02,7.64935
IGSF3,Immunoglobulin superfamily member 3,0.04,0.02,6.6758
KITLG,KIT ligand,0.04,0.02,7.6205
CA14,Carbonic anhydrase 14,0.04,0.02,8.38505
IL10RB,Interleukin 10 receptor subunit beta,0.04,0.02,7.5523
PHOSPHO1,Phosphoethanolamine/phosphocholine phosphatase 1,0.04,0.02,6.4083
SPINT1,"Serine peptidase inhibitor, Kunitz type 1",0.04,0.02,6.54415
RSPO1,R-spondin 1,0.04,0.02,6.68515
TNFRSF13B,TNF receptor superfamily member 13B,0.04,0.02,8.86735
RELT,RELT TNF receptor,0.04,0.02,7.41905
LAIR1,Leukocyte associated immunoglobulin like receptor 1,0.04,0.02,8.71845
TNFRSF9,TNF receptor superfamily member 9,0.04,0.02,7.83025
ANGPT2,Angiopoietin 2,0.04,0.02,9.1103
FST,Follistatin,0.04,0.03,9.30085
CD274,CD274 molecule,0.04,0.03,7.7545
FETUB,Fetuin B,0.04,0.02,8.72045
CLSTN2,Calsyntenin 2,0.04,0.01,10.04575
FGFR2,Fibroblast growth factor receptor 2,0.04,0.02,5.62055
ADAM22,ADAM metallopeptidase domain 22,0.04,0.02,8.3923
RGMB,Repulsive guidance molecule BMP co-receptor b,0.04,0.03,5.6799
RETN,Resistin,0.04,0.02,9.7369
ANGPTL7,Angiopoietin like 7,0.04,0.02,7.51235
RTN4R,Reticulon 4 receptor,0.04,0.02,7.91025
MMP7,Matrix metallopeptidase 7,0.04,0.01,7.6358
ITGA5,Integrin subunit alpha 5,0.04,0.02,6.84065
PEAR1,Platelet endothelial aggregation receptor 1,0.04,0.03,5.44625
MARCO,Macrophage receptor with collagenous structure,0.04,0.02,7.9006
PLTP,Phospholipid transfer protein,0.04,0.02,8.4646
BAG3,BAG cochaperone 3,0.04,0.02,10.8577
SCG3,Secretogranin III,0.04,0.02,9.4036
PGLYRP1,Peptidoglycan recognition protein 1,0.04,0.02,8.98145
C2,Complement C2,0.04,0.02,8.98485
VEGFD,Vascular endothelial growth factor D,0.04,0.01,10.61765
THBD,Thrombomodulin,0.04,0.02,7.4599
HS6ST1,Heparan sulfate 6-O-sulfotransferase 1,0.04,0.02,7.37575
CD79B,CD79b molecule,0.04,0.02,9.2612
WFDC2,WAP four-disulfide core domain 2,0.04,0.02,7.54445
HYAL1,Hyaluronidase 1,0.04,0.03,5.7962
DPEP2,Dipeptidase 2,0.04,0.03,5.9046
TGFA,Transforming growth factor alpha,0.04,0.02,6.3409
IFNGR1,Interferon gamma receptor 1,0.04,0.02,5.16035
MATN2,Matrilin 2,0.04,0.02,9.3167
GZMA,Granzyme A,0.04,0.02,8.19615
CD5,CD5 molecule,0.04,0.01,8.67615
BOC,"BOC cell adhesion associated, oncogene regulated",0.04,0.02,6.4129
ST6GAL1,"ST6 beta-galactoside alpha-2,6-sialyltransferase 1",0.04,0.02,8.3431
EFEMP1,EGF containing fibulin extracellular matrix protein 1,0.04,0.02,8.9445
TNFRSF1B,TNF receptor superfamily member 1B,0.04,0.02,8.29535
MEGF10,Multiple EGF like domains 10,0.04,0.01,9.84415
CLEC4G,C-type lectin domain family 4 member G,0.04,0.02,8.35535
RGMA,Repulsive guidance molecule BMP co-receptor a,0.04,0.02,8.99485
TNXB,Tenascin XB,0.04,0.02,6.8508
BTN2A1,Butyrophilin subfamily 2 member A1,0.04,0.02,7.57885
CCL14,C-C motif chemokine ligand 14,0.04,0.02,9.9122
KYNU,Kynureninase,0.04,0.02,11.07495
NUCB2,Nucleobindin 2,0.04,0.02,7.508
MEPE,Matrix extracellular phosphoglycoprotein,0.04,0.01,9.6681
CTSO,Cathepsin O,0.04,0.02,7.77825
DTX3,Deltex E3 ubiquitin ligase 3,0.04,0.03,5.64755
CHRDL1,Chordin like 1,0.04,0.02,9.05185
VCAM1,Vascular cell adhesion molecule 1,0.04,0.02,7.1346
GFRA3,GDNF family receptor alpha 3,0.04,0.02,7.3669
CD55,CD55 molecule (Cromer blood group),0.04,0.02,7.65165
RSPO3,R-spondin 3,0.04,0.02,6.96575
KLK14,Kallikrein related peptidase 14,0.04,0.02,11.3426
GP1BA,Glycoprotein Ib platelet subunit alpha,0.04,0.02,8.914
PTPRF,Protein tyrosine phosphatase receptor type F,0.04,0.02,8.27305
SPON1,Spondin 1,0.04,0.02,8.5792
WFIKKN2,"WAP, follistatin/kazal, immunoglobulin, kunitz and netrin domain containing 2",0.04,0.01,10.5284
CCN4,Cellular communication network factor 4,0.04,0.02,#N/D
PLA2G7,Phospholipase A2 group VII,0.04,0.02,7.87545
CRHBP,Corticotropin releasing hormone binding protein,0.04,0.02,9.1924
ADA2,Adenosine deaminase 2,0.04,0.02,8.96915
ACP5,"Acid phosphatase 5, tartrate resistant",0.04,0.02,8.3684
ALCAM,Activated leukocyte cell adhesion molecule,0.04,0.02,6.1187
CD200,CD200 molecule,0.04,0.02,7.58065
WIF1,WNT inhibitory factor 1,0.04,0.02,9.2598
IGFBP6,Insulin like growth factor binding protein 6,0.04,0.01,9.2298
CD14,CD14 molecule,0.04,0.02,11.2099
EPS8L2,EPS8 like 2,0.04,0.02,7.4308
ESM1,Endothelial cell specific molecule 1,0.04,0.02,10.09395
SPARCL1,SPARC like 1,0.04,0.02,7.6277
SCG2,Secretogranin II,0.04,0.02,8.95605
GPNMB,Glycoprotein nmb,0.04,0.02,7.85465
IL15,Interleukin 15,0.04,0.02,6.90255
ADGRB3,Adhesion G protein-coupled receptor B3,0.04,0.01,9.1777
ADGRG2,Adhesion G protein-coupled receptor G2,0.04,0.02,7.99835
CD244,CD244 molecule,0.04,0.02,7.628
HYOU1,Hypoxia up-regulated 1,0.04,0.02,7.2757
PVR,PVR cell adhesion molecule,0.04,0.02,8.1525
DSG3,Desmoglein 3,0.04,0.02,9.0995
PTGDS,Prostaglandin D2 synthase,0.04,0.02,8.51825
CA4,Carbonic anhydrase 4,0.04,0.02,6.19865
IL18R1,Interleukin 18 receptor 1,0.04,0.01,9.71145
TNFRSF4,TNF receptor superfamily member 4,0.04,0.02,9.20155
NBL1,"NBL1, DAN family BMP antagonist",0.04,0.02,6.8982
CCL2,C-C motif chemokine ligand 2,0.04,0.02,9.06465
IGFBP7,Insulin like growth factor binding protein 7,0.04,0.03,6.6294
SCARA5,Scavenger receptor class A member 5,0.04,0.02,8.14865
NCAM2,Neural cell adhesion molecule 2,0.04,0.02,7.5843
GGT5,Gamma-glutamyltransferase 5,0.04,0.02,6.45975
AGER,Advanced glycosylation end-product specific receptor,0.04,0.02,9.2235
FASLG,Fas ligand,0.04,0.01,9.8892
CD302,CD302 molecule,0.04,0.02,7.1116
TFPI,Tissue factor pathway inhibitor,0.04,0.02,9.1361
ENTPD5,Ectonucleoside triphosphate diphosphohydrolase 5 (inactive),0.04,0.02,5.72335
PTPRM,Protein tyrosine phosphatase receptor type M,0.04,0.02,6.4414
SMOC1,SPARC related modular calcium binding 1,0.04,0.02,8.4273
ADAM15,ADAM metallopeptidase domain 15,0.04,0.02,7.9368
ITGB1,Integrin subunit beta 1,0.04,0.02,6.7903
TYRO3,TYRO3 protein tyrosine kinase,0.04,0.02,6.9902
AGRN,Agrin,0.04,0.02,8.54905
TNFRSF11A,TNF receptor superfamily member 11a,0.04,0.02,9.4699
SETMAR,SET domain and mariner transposase fusion gene,0.04,0.02,7.47795
FSTL3,Follistatin like 3,0.04,0.02,8.1036
TNFSF13,TNF superfamily member 13,0.04,0.02,7.43765
EPHB4,EPH receptor B4,0.04,0.02,7.43925
IL13RA1,Interleukin 13 receptor subunit alpha 1,0.04,0.02,6.9899
F7,Coagulation factor VII,0.04,0.02,7.87435
VEGFA,Vascular endothelial growth factor A,0.04,0.02,11.095
CD93,CD93 molecule,0.04,0.02,8.73545
COL6A3,Collagen type VI alpha 3 chain,0.04,0.02,10.24775
ANG,Angiogenin,0.04,0.02,11.05165
CD46,CD46 molecule,0.04,0.02,8.37935
EPHA2,EPH receptor A2,0.04,0.02,7.6031
SPON2,Spondin 2,0.04,0.02,8.3152
FLT1,Fms related receptor tyrosine kinase 1,0.04,0.02,6.3956
DPP4,Dipeptidyl peptidase 4,0.04,0.02,8.66765
PTPRS,Protein tyrosine phosphatase receptor type S,0.04,0.02,7.3109
GALNT10,Polypeptide N-acetylgalactosaminyltransferase 10,0.04,0.02,6.95055
DDR1,Discoidin domain receptor tyrosine kinase 1,0.04,0.02,7.21475
TNFRSF11B,TNF receptor superfamily member 11b,0.04,0.01,9.98965
ADGRE5,Adhesion G protein-coupled receptor E5,0.04,0.02,#N/D
CD84,CD84 molecule,0.04,0.03,8.6796
SORT1,Sortilin 1,0.04,0.02,8.4601
ADAM23,ADAM metallopeptidase domain 23,0.04,0.01,9.30775
TNFSF13B,TNF superfamily member 13b,0.04,0.02,8.06445
B4GAT1,"Beta-1,4-glucuronyltransferase 1",0.04,0.02,8.65805
FOLR1,Folate receptor alpha,0.04,0.02,8.89555
LRP1,LDL receptor related protein 1,0.04,0.02,7.40815
ERP44,Endoplasmic reticulum protein 44,0.04,0.03,7.30805
PLA2G15,Phospholipase A2 group XV,0.04,0.02,8.2564
FOLR2,Folate receptor beta,0.04,0.02,9.17425
ITGB2,Integrin subunit beta 2,0.04,0.01,9.18485
CRTAC1,Cartilage acidic protein 1,0.04,0.01,8.35
ADAM8,ADAM metallopeptidase domain 8,0.04,0.02,8.3014
GUCA2A,Guanylate cyclase activator 2A,0.04,0.02,10.37545
CD99L2,CD99 molecule like 2,0.04,0.02,8.1251
ADA,Adenosine deaminase,0.04,0.02,8.60925
CD48,CD48 molecule,0.04,0.02,8.24435
ASGR1,Asialoglycoprotein receptor 1,0.04,0.02,7.72395
GALNT7,Polypeptide N-acetylgalactosaminyltransferase 7,0.04,0.02,7.27415
KLK6,Kallikrein related peptidase 6,0.04,0.02,9.63745
CTSL,Cathepsin L,0.04,0.02,7.5881
NOMO1,NODAL modulator 1,0.04,0.02,7.9285
FLT3LG,Fms related receptor tyrosine kinase 3 ligand,0.04,0.02,8.8635
TGFBI,Transforming growth factor beta induced,0.04,0.02,9.0975
COMP,Cartilage oligomeric matrix protein,0.04,0.02,10.512
EBI3,Epstein-Barr virus induced 3,0.03,0.01,#N/D
IL27,Interleukin 27,0.03,0.01,#N/D
THOP1,Thimet oligopeptidase 1,0.03,0.02,8.83295
CSF1,Colony stimulating factor 1,0.03,0.02,7.7336
LGALS9,Galectin 9,0.03,0.01,10.6366
TINAGL1,Tubulointerstitial nephritis antigen like 1,0.03,0.02,7.00365
SCARB2,Scavenger receptor class B member 2,0.03,0.02,7.07445
KLRB1,Killer cell lectin like receptor B1,0.03,0.01,9.933
PROC,"Protein C, inactivator of coagulation factors Va and VIIIa",0.03,0.02,8.2268
OSCAR,Osteoclast associated Ig-like receptor,0.03,0.01,9.96445
CX3CL1,C-X3-C motif chemokine ligand 1,0.03,0.02,8.7979
ADAMTS13,ADAM metallopeptidase with thrombospondin type 1 motif 13,0.03,0.02,8.68455
GPC1,Glypican 1,0.03,0.01,9.10295
SELPLG,Selectin P ligand,0.03,0.02,6.643
CD200R1,CD200 receptor 1,0.03,0.01,8.9614
FAS,Fas cell surface death receptor,0.03,0.02,10.38355
IGFBP3,Insulin like growth factor binding protein 3,0.03,0.02,9.50085
HSPG2,Heparan sulfate proteoglycan 2,0.03,0.02,8.18665
LRIG1,Leucine rich repeats and immunoglobulin like domains 1,0.03,0.01,9.65105
EFNA4,Ephrin A4,0.03,0.02,7.70955
ADGRE2,Adhesion G protein-coupled receptor E2,0.03,0.01,9.5634
LGMN,Legumain,0.03,0.02,9.9294
CD59,CD59 molecule (CD59 blood group),0.03,0.02,7.88835
PAM,Peptidylglycine alpha-amidating monooxygenase,0.03,0.02,8.50425
CRIM1,Cysteine rich transmembrane BMP regulator 1,0.03,0.02,7.37855
GOLM2,Golgi membrane protein 2,0.03,0.02,#N/D
TACSTD2,Tumor associated calcium signal transducer 2,0.03,0.01,7.816
TNFRSF10B,TNF receptor superfamily member 10b,0.03,0.02,7.66285
CD276,CD276 molecule,0.03,0.01,9.5836
ERBB4,Erb-b2 receptor tyrosine kinase 4,0.03,0.02,8.5651
COLEC12,Collectin subfamily member 12,0.03,0.02,9.19005
SEMA7A,Semaphorin 7A (John Milton Hagen blood group),0.03,0.02,8.49615
C1QA,Complement C1q A chain,0.03,0.01,8.39435
TEK,TEK receptor tyrosine kinase,0.03,0.02,7.58665
APOM,Apolipoprotein M,0.03,0.02,8.82735
SIGLEC9,Sialic acid binding Ig like lectin 9,0.03,0.01,8.0485
TNFRSF14,TNF receptor superfamily member 14,0.03,0.02,10.48915
PRTG,Protogenin,0.03,0.01,7.93495
DLL1,Delta like canonical Notch ligand 1,0.03,0.02,9.4658
NTRK3,Neurotrophic receptor tyrosine kinase 3,0.03,0.02,8.1084
ERBB2,Erb-b2 receptor tyrosine kinase 2,0.03,0.02,9.32435
F3,"Coagulation factor III, tissue factor",0.03,0.01,9.58035
ICAM3,Intercellular adhesion molecule 3,0.03,0.01,8.03495
RNASET2,Ribonuclease T2,0.03,0.02,8.17615
LAMA4,Laminin subunit alpha 4,0.03,0.02,9.0181
ACVRL1,Activin A receptor like type 1,0.03,0.02,8.43855
TCN2,Transcobalamin 2,0.03,0.01,11.24945
ICOSLG,Inducible T cell costimulator ligand,0.03,0.02,7.18705
CST3,Cystatin C,0.03,0.02,11.17965
NECTIN2,Nectin cell adhesion molecule 2,0.03,0.02,9.7348
MERTK,"MER proto-oncogene, tyrosine kinase",0.03,0.01,9.42985
ROBO1,Roundabout guidance receptor 1,0.03,0.01,8.64885
ICAM1,Intercellular adhesion molecule 1,0.03,0.02,10.13845
TNFRSF19,TNF receptor superfamily member 19,0.03,0.01,9.0424
LY9,Lymphocyte antigen 9,0.03,0.01,9.28985
DNER,Delta/notch like EGF repeat containing,0.03,0.01,9.56335
GALNT2,Polypeptide N-acetylgalactosaminyltransferase 2,0.03,0.01,8.3075
ERBB3,Erb-b2 receptor tyrosine kinase 3,0.03,0.02,8.8938
IL1R1,Interleukin 1 receptor type 1,0.03,0.02,8.05165
B4GALT1,"Beta-1,4-galactosyltransferase 1",0.03,0.02,9.28885
CDON,"Cell adhesion associated, oncogene regulated",0.03,0.02,9.92525
F9,Coagulation factor IX,0.03,0.02,7.3803
SMAD5,SMAD family member 5,0.03,0.02,6.34445
FRZB,Frizzled related protein,0.03,0.01,7.6172
JAM2,Junctional adhesion molecule 2,0.03,0.02,9.56255
NCS1,Neuronal calcium sensor 1,0.03,0.01,9.70215
ITGAV,Integrin subunit alpha V,0.03,0.01,5.5287
GRN,Granulin precursor,0.03,0.01,8.86395
PLAUR,"Plasminogen activator, urokinase receptor",0.03,0.01,9.5459
IL6ST,Interleukin 6 cytokine family signal transducer,0.03,0.02,6.8599
HGF,Hepatocyte growth factor,0.03,0.01,10.6291
THY1,Thy-1 cell surface antigen,0.03,0.01,9.76705
CD99,CD99 molecule (Xg blood group),0.03,0.02,8.3016
DPT,Dermatopontin,0.03,0.02,9.79775
PLXNB2,Plexin B2,0.03,0.01,9.1728
TNFRSF21,TNF receptor superfamily member 21,0.03,0.01,9.48725
GFRA1,GDNF family receptor alpha 1,0.03,0.01,9.49795
CXCL16,C-X-C motif chemokine ligand 16,0.03,0.02,10.095
KDR,Kinase insert domain receptor,0.03,0.02,9.00475
LIFR,LIF receptor subunit alpha,0.03,0.02,8.0538
CLMP,CXADR like membrane protein,0.03,0.01,8.37055
CANT1,Calcium activated nucleotidase 1,0.03,0.02,7.51185
AMIGO2,Adhesion molecule with Ig like domain 2,0.03,0.02,7.23735
PCDH1,Protocadherin 1,0.03,0.01,8.28655
ADM,Adrenomedullin,0.03,0.01,10.5698
CCL11,C-C motif chemokine ligand 11,0.03,0.01,10.72345
MEGF9,Multiple EGF like domains 9,0.03,0.01,9.0077
MET,"MET proto-oncogene, receptor tyrosine kinase",0.03,0.01,9.1449
LAMP2,Lysosomal associated membrane protein 2,0.03,0.01,7.8659
MATN3,Matrilin 3,0.03,0.01,9.8876
NME3,NME/NM23 nucleoside diphosphate kinase 3,0.03,0.02,8.7539
PRELP,Proline and arginine rich end leucine rich repeat protein,0.03,0.02,9.8402
AMBP,Alpha-1-microglobulin/bikunin precursor,0.03,0.01,7.42105
COL18A1,Collagen type XVIII alpha 1 chain,0.03,0.01,10.04045
FAM3C,FAM3 metabolism regulating signaling molecule C,0.03,0.02,10.33105
TIMP1,TIMP metallopeptidase inhibitor 1,0.03,0.01,9.9248
CKAP4,Cytoskeleton associated protein 4,0.03,0.01,8.71865
LTBR,Lymphotoxin beta receptor,0.03,0.01,11.31095
EGFR,Epidermal growth factor receptor,0.03,0.02,7.225
PON3,Paraoxonase 3,0.03,0.01,9.6888
PODXL,Podocalyxin like,0.03,0.02,6.8941
GAS6,Growth arrest specific 6,0.02,0.02,10.93185
ENG,Endoglin,0.02,0.01,8.7895
IL1R2,Interleukin 1 receptor type 2,0.02,0.01,10.23995
CTSS,Cathepsin S,0.02,0.01,10.77085
CD58,CD58 molecule,0.02,0.01,10.29995
TNFSF10,TNF superfamily member 10,0.02,0.01,11.6288
IDS,Iduronate 2-sulfatase,0.02,0.01,4.4383
PGF,Placental growth factor,0.02,0.01,10.8248
CEACAM1,CEA cell adhesion molecule 1,0.02,0.01,9.8591
TNFSF12,TNF superfamily member 12,0.02,0.01,11.1325
NOTCH1,Notch receptor 1,0.02,0.01,10.19465
BSG,Basigin (Ok blood group),0.02,0.01,9.18595
,,,,
,,,,
